height,weight,meal_of_the_day,breakfast_of_the_week,dinner_of_the_week,fast_food_of_the_week,vegetable_in_meal,water_of_the_day,protein_of_meal,time_do_exercise,time_of_sport,alcohol,nicotine,sleep_time,require_of_job,park,time_use_tech_equip,depression,obesity
167,57,3,3,0,0,1,1,1,1,0,0,0,8,3,0,1.0,0.0,1
168,57,3,3,0,0,1,1,1,0,0,1,0,10,2,1,2.0,0.0,1
168,57,4,3,0,0,2,2,2,2,2,0,1,8,3,0,2.0,0.0,1
175,58,4,3,1,1,1,1,1,1,1,0,0,6,2,1,7.0,0.0,1
175,58,4,3,1,0,1,2,1,3,3,0,0,9,3,0,5.0,0.0,1
155,54,3,3,0,0,2,1,2,0,0,0,0,7,3,0,1.0,0.0,1
173,58,3,3,0,1,0,0,0,0,2,2,0,9,1,1,8.0,0.0,1
169,57,3,2,0,1,2,1,1,2,1,0,0,6,2,1,3.0,0.0,1
156,54,4,3,3,3,0,2,1,1,2,1,0,8,2,0,8.0,0.0,1
160,54,2,2,0,0,1,1,0,1,0,0,0,6,3,1,5.0,0.0,1
160,54,3,3,1,1,1,1,1,2,2,0,0,8,3,0,3.0,0.0,1
164,57,3,3,2,0,2,2,1,3,2,0,0,8,3,0,3.0,0.0,1
161,54,3,1,0,0,1,1,0,3,2,0,0,7,3,0,8.0,0.0,1
162,54,3,3,0,0,0,1,0,2,2,1,0,10,1,0,3.0,1.0,1
163,54,3,3,1,2,1,0,2,3,1,0,0,12,3,0,7.0,0.0,1
166,54,4,3,3,0,2,1,2,3,2,0,0,7,3,0,4.0,0.0,1
167,54,2,1,0,2,0,1,0,1,0,0,0,8,2,0,2.0,0.0,1
170,54,3,3,1,0,1,2,1,0,0,2,0,8,4,0,1.0,0.0,1
170,54,3,2,2,1,0,1,1,1,2,1,0,8,3,0,5.0,0.0,1
162,57,3,3,0,0,1,2,2,2,0,0,0,10,3,0,4.0,0.0,1
160,57,2,1,0,0,1,1,0,1,0,0,0,9,1,0,4.0,0.0,1
153,53,3,2,0,0,1,1,1,3,2,0,0,8,3,0,4.0,0.0,1
157,54,3,3,0,0,2,2,1,2,2,1,0,6,3,0,3.0,0.0,1
158,57,3,2,0,0,0,0,1,1,1,0,0,7,2,0,0.0,0.0,1
165,57,4,3,1,1,1,1,1,3,2,0,0,7,3,0,4.0,0.0,1
160,57,3,3,0,0,1,1,1,1,1,0,0,9,2,1,4.0,0.0,1
161,56,3,1,1,0,1,1,0,3,2,0,0,10,1,1,5.0,1.0,1
170,57,3,2,1,1,1,1,0,2,3,0,0,8,3,0,3.0,0.0,1
170,55,3,1,1,3,1,1,1,1,0,1,0,6,1,1,2.0,1.0,1
170,55,3,3,1,1,1,1,2,2,1,0,0,8,2,1,5.0,0.0,1
169,55,3,3,2,1,2,1,1,2,0,1,0,8,3,0,5.0,0.0,1
167,55,3,3,0,0,1,1,0,1,0,1,0,8,1,1,4.0,1.0,1
167,55,3,3,0,0,1,1,1,0,0,1,0,8,4,0,3.0,0.0,1
152,53,3,3,0,0,1,0,1,3,0,0,0,8,1,0,6.0,0.0,1
166,55,3,3,0,0,2,1,1,1,2,0,0,7,3,0,4.0,0.0,1
172,55,3,3,1,1,1,2,2,2,2,2,0,8,3,0,1.0,0.0,1
166,55,2,3,0,0,2,1,1,1,0,0,0,8,3,0,3.0,0.0,1
165,55,3,1,0,0,1,2,1,0,0,0,0,8,3,0,1.0,0.0,1
165,55,4,2,0,0,2,2,1,3,3,0,0,7,3,1,5.0,0.0,1
165,55,3,2,0,0,2,1,1,2,2,0,0,4,3,0,5.0,0.0,1
160,55,3,2,0,1,1,1,2,2,3,0,0,6,3,1,6.0,0.0,1
160,55,2,1,0,1,1,0,1,0,1,0,0,7,1,0,5.0,0.0,1
162,55,3,3,1,0,1,1,1,1,0,2,1,7,3,1,2.0,0.0,1
165,55,3,2,0,0,1,1,1,3,1,2,1,10,3,0,1.0,0.0,1
165,55,2,0,1,1,0,0,0,1,0,2,1,7,4,0,2.0,0.0,1
160,55,3,3,0,1,2,2,1,1,3,0,0,6,3,0,2.0,0.0,1
160,55,3,2,1,1,2,1,1,1,2,0,0,8,3,0,4.0,0.0,1
159,55,3,1,1,1,1,1,1,1,2,0,0,7,3,0,6.0,0.0,1
170,57,3,1,1,0,1,1,0,0,0,1,0,8,4,1,8.0,0.0,1
172,57,3,3,0,0,1,1,1,3,0,0,0,8,3,0,5.0,0.0,1
157,56,3,1,1,0,1,1,1,0,1,1,0,8,2,0,5.0,0.0,1
160,56,3,2,0,1,1,1,1,1,0,0,0,8,3,0,2.0,0.0,1
164,56,2,2,0,0,2,1,1,0,0,0,0,8,2,0,3.0,0.0,1
165,56,3,3,1,0,1,1,1,2,2,0,0,8,3,0,1.0,0.0,1
169,56,3,1,0,0,0,1,1,2,1,0,0,6,3,0,2.0,0.0,1
169,56,3,3,0,2,2,0,1,0,0,1,0,8,2,0,3.0,0.0,1
170,54,3,3,0,1,1,1,1,3,2,1,0,8,3,1,3.0,0.0,1
170,56,3,3,3,0,2,2,1,0,0,3,0,8,3,0,5.0,0.0,1
170,56,4,3,1,0,1,2,1,3,2,2,0,7,4,0,4.0,0.0,1
171,56,3,1,1,1,1,1,2,2,2,0,0,7,3,0,4.0,0.0,1
172,56,3,0,3,2,0,1,2,0,2,1,0,8,3,0,4.0,0.0,1
172,56,3,3,0,1,1,1,1,3,3,0,0,8,1,0,5.0,0.0,1
155,55,3,3,0,0,1,1,0,0,0,0,0,9,1,0,3.0,0.0,1
155,55,3,3,0,0,1,2,1,1,1,1,0,7,3,1,3.0,0.0,1
157,55,3,2,1,0,1,1,1,1,0,2,0,6,1,0,1.0,0.0,1
172,58,2,0,0,1,1,0,1,1,0,1,0,8,1,0,2.0,0.0,1
170,58,2,1,1,0,1,0,1,2,2,0,0,6,2,0,6.0,1.0,1
163,60,3,3,0,0,1,1,1,0,0,1,0,7,4,1,5.0,0.0,1
168,58,3,3,0,1,1,0,1,0,0,0,0,9,2,0,1.0,0.0,1
179,65,3,3,1,0,1,1,0,1,0,2,0,8,4,0,3.0,0.0,1
180,65,3,1,2,1,2,0,2,1,1,1,0,7,2,1,1.0,0.0,1
168,64,3,1,0,0,0,1,1,3,2,1,0,8,2,0,3.0,0.0,1
170,64,3,3,0,0,0,2,1,1,1,0,0,6,3,0,4.0,0.0,1
170,64,2,1,0,0,0,1,1,0,0,0,0,4,1,1,6.0,0.0,1
168,63,3,3,0,1,2,2,2,2,2,0,0,8,3,0,3.0,0.0,1
171,63,3,3,0,0,0,0,0,1,1,2,1,8,2,0,6.0,0.0,1
172,63,3,2,1,0,1,1,0,0,2,0,0,8,4,0,1.0,0.0,1
178,65,3,3,1,0,1,1,1,2,2,0,0,8,3,0,1.0,0.0,1
169,62,3,3,0,0,1,2,0,1,2,0,1,9,1,0,3.0,0.0,1
172,62,2,0,0,0,1,2,1,1,0,2,1,8,5,0,1.0,0.0,1
172,62,2,3,0,0,0,1,1,3,0,3,1,3,1,0,1.0,1.0,1
173,62,3,3,0,1,0,2,1,2,0,1,0,6,2,1,1.0,0.0,1
174,62,3,3,0,1,1,1,1,2,2,2,1,10,1,0,1.0,0.0,1
168,61,4,1,0,0,2,2,2,2,2,0,0,7,2,0,3.0,0.0,1
168,61,4,3,2,1,0,1,1,1,0,1,0,6,1,1,1.0,0.0,1
172,61,2,3,3,1,0,1,1,2,2,0,0,9,4,0,5.0,0.0,1
170,62,2,0,0,0,0,2,1,1,2,0,0,7,3,1,5.0,0.0,1
178,65,3,3,0,0,1,2,2,0,0,2,1,10,1,0,1.0,0.0,1
176,65,4,2,1,1,1,1,1,3,3,2,0,7,3,1,5.0,0.0,1
170,65,4,2,1,0,1,1,1,2,1,0,0,5,2,1,4.0,1.0,1
185,75,4,2,0,0,2,3,2,3,0,2,1,8,4,1,2.0,0.0,1
178,72,3,3,1,0,1,1,1,2,2,2,0,8,4,0,4.0,0.0,1
175,70,3,3,0,0,2,2,1,1,1,2,0,7,2,0,2.0,0.0,1
175,70,3,2,1,2,2,2,2,2,2,2,0,7,3,1,5.0,0.0,1
175,70,3,2,1,1,2,1,1,1,2,2,0,7,3,1,4.0,0.0,1
178,70,3,2,1,0,1,1,0,1,0,0,0,10,4,1,3.0,0.0,1
180,70,3,3,0,0,2,1,2,3,0,1,0,8,4,0,2.0,0.0,1
175,69,3,3,1,1,1,1,1,2,2,0,0,6,1,0,3.0,0.0,1
172,67,5,3,3,1,1,2,1,1,1,0,0,6,3,0,2.0,0.0,1
173,67,3,3,0,0,2,1,2,1,0,4,0,7,5,0,5.0,0.0,1
173,67,3,2,1,0,0,1,0,2,1,1,0,12,2,1,1.0,0.0,1
174,67,3,0,2,1,0,1,2,0,0,2,1,8,1,0,1.0,0.0,1
180,67,3,1,1,0,1,1,1,2,3,3,0,10,3,1,8.0,1.0,1
170,66,3,2,0,0,1,2,2,0,0,3,1,8,3,0,2.0,0.0,1
180,66,3,2,0,0,1,2,2,2,2,0,0,7,4,0,4.0,0.0,1
170,65,3,2,1,1,1,2,2,2,1,3,1,8,3,0,5.0,0.0,1
170,65,3,3,0,1,0,0,1,2,2,0,0,8,3,0,5.0,0.0,1
170,65,3,1,0,2,2,1,2,3,3,0,0,7,4,0,5.0,0.0,1
162,60,3,2,0,0,0,1,0,0,1,0,0,8,2,0,3.0,0.0,1
156,53,3,2,3,2,1,0,1,0,0,1,0,6,3,0,6.0,0.0,1
165,60,3,3,0,0,2,2,2,1,1,2,0,8,3,0,4.0,0.0,1
165,60,4,0,0,1,1,1,0,0,0,2,1,10,5,0,2.0,0.0,1
172,60,3,3,0,0,1,1,1,1,2,0,0,8,3,0,1.0,0.0,1
173,60,3,3,0,0,1,1,0,3,2,2,0,8,3,0,5.0,0.0,1
173,60,2,3,3,1,0,1,1,0,0,1,1,4,3,1,7.0,0.0,1
175,60,3,3,0,0,1,1,1,2,1,0,0,9,3,0,2.0,0.0,1
180,60,2,1,0,0,0,1,0,1,2,1,0,8,3,0,8.0,0.0,1
180,60,3,3,1,1,1,1,1,3,3,0,0,7,3,1,0.0,0.0,1
162,59,6,0,0,0,1,1,0,0,0,2,0,9,2,0,2.0,0.0,1
162,59,3,2,0,1,1,1,1,2,2,0,0,9,3,0,3.0,0.0,1
165,59,3,3,0,0,1,1,1,2,0,3,1,8,4,0,1.0,0.0,1
173,59,3,3,0,0,0,1,1,3,2,0,0,8,2,0,4.0,0.0,1
175,59,2,1,1,0,1,0,2,3,3,1,1,7,1,0,8.0,1.0,1
160,58,2,1,1,0,1,0,0,2,0,0,0,8,3,0,4.0,0.0,1
160,58,4,2,2,0,1,2,1,3,2,1,0,6,3,0,5.0,1.0,1
162,58,2,1,0,0,1,1,0,1,0,1,0,8,2,0,1.0,0.0,1
163,58,3,3,1,1,1,1,1,1,2,1,0,6,2,0,6.0,0.0,1
165,58,3,3,1,0,1,1,0,1,0,0,0,8,4,0,3.0,0.0,1
165,58,2,2,0,0,2,1,1,1,1,0,0,7,1,0,5.0,0.0,1
165,58,3,3,0,0,1,1,1,2,0,1,0,7,1,0,3.0,0.0,1
168,58,3,3,0,0,1,1,0,0,0,0,0,7,4,0,4.0,0.0,1
171,60,3,2,1,0,1,1,2,0,0,0,0,7,2,0,4.0,0.0,1
170,58,3,3,0,2,0,2,2,1,2,0,0,8,3,0,3.0,0.0,1
170,60,3,1,1,0,0,1,1,2,3,0,0,7,1,0,7.0,0.0,1
170,60,3,3,1,0,1,1,1,2,1,2,1,7,4,0,1.0,0.0,1
165,60,3,1,1,0,2,2,2,0,0,0,1,10,4,0,4.0,0.0,1
165,60,3,2,1,0,2,1,2,1,1,1,1,8,3,0,3.0,0.0,1
165,60,3,3,0,0,2,1,1,0,1,0,0,10,4,0,1.0,0.0,1
165,60,3,3,0,1,0,1,2,1,1,1,0,8,2,0,1.0,0.0,1
166,60,3,1,1,1,0,1,0,2,1,1,0,5,4,1,1.0,0.0,1
167,60,3,0,0,0,2,1,0,0,0,1,0,6,4,0,5.0,0.0,1
167,60,3,3,1,2,1,1,1,2,2,0,0,9,3,1,6.0,0.0,1
168,60,3,3,0,0,2,3,1,3,3,0,0,6,1,1,0.0,0.0,1
168,60,3,3,0,0,1,2,1,2,2,0,0,7,3,0,4.0,0.0,1
168,60,3,3,1,2,2,1,1,0,0,0,0,7,1,0,1.0,0.0,1
168,60,4,3,1,1,1,2,1,0,0,2,1,7,3,0,1.0,0.0,1
168,60,3,3,1,0,0,1,1,3,0,1,0,5,2,1,1.0,0.0,1
169,60,3,3,0,0,1,2,1,2,2,1,1,8,3,0,2.0,0.0,1
170,60,3,1,1,0,2,1,2,0,0,1,1,9,4,0,2.0,0.0,1
170,60,3,1,1,0,1,1,1,0,0,2,0,9,3,0,2.0,0.0,1
170,60,3,3,0,0,2,3,1,0,0,3,1,10,5,0,3.0,0.0,1
170,60,3,3,1,2,1,1,1,1,0,2,0,8,5,0,3.0,0.0,1
170,60,3,3,1,0,1,1,1,0,0,0,0,8,1,0,4.0,0.0,1
170,60,3,3,0,0,1,1,1,1,0,2,0,8,4,0,4.0,0.0,1
170,60,3,3,0,0,2,1,1,1,2,1,0,8,2,0,5.0,0.0,1
159,53,3,3,0,0,1,1,1,1,1,0,0,8,2,0,3.0,0.0,1
156,52,3,2,0,2,1,1,2,1,0,0,0,8,3,0,4.0,1.0,1
160,53,3,3,1,0,1,1,1,0,1,0,0,8,3,1,5.0,0.0,1
151,48,3,2,1,1,1,1,1,1,0,0,0,7,2,1,6.0,0.0,1
153,48,3,3,0,0,2,2,2,2,1,0,0,8,3,0,2.0,0.0,1
155,48,3,3,2,2,2,0,1,0,0,0,0,8,1,0,2.0,1.0,1
155,48,3,3,1,2,1,1,1,1,0,1,0,8,4,0,2.0,0.0,1
159,48,3,2,1,1,2,2,2,1,1,0,0,12,3,0,3.0,0.0,1
160,48,2,0,0,0,1,1,1,0,0,0,0,4,1,1,1.0,0.0,1
160,48,3,1,1,1,2,0,2,1,1,2,0,7,3,0,2.0,0.0,1
160,48,3,2,1,1,0,1,1,3,3,0,0,9,3,0,3.0,0.0,1
160,48,3,2,1,1,2,1,0,1,0,0,0,6,2,0,4.0,0.0,1
160,48,2,2,0,1,0,0,1,0,1,0,0,6,1,0,3.0,0.0,1
161,48,3,3,1,1,1,1,1,1,3,0,0,7,3,1,1.0,0.0,1
147,47,3,3,0,1,2,1,2,1,2,0,0,10,3,0,4.0,0.0,1
150,47,3,3,0,1,2,1,1,1,0,0,0,11,3,0,3.0,0.0,1
150,47,3,3,0,1,2,1,0,1,1,0,0,1,3,0,3.0,0.0,1
150,47,3,3,0,1,2,1,0,1,1,0,0,1,3,1,0.0,0.0,1
150,47,2,1,0,0,0,0,2,3,3,0,0,5,1,0,1.0,1.0,1
152,47,3,2,0,0,1,1,1,0,0,0,0,10,1,0,4.0,0.0,1
153,47,2,1,0,0,0,1,0,0,1,1,1,7,2,0,3.0,1.0,1
154,47,2,3,0,0,0,0,0,1,0,0,0,10,2,0,4.0,0.0,1
151,48,2,0,0,0,1,2,1,0,0,0,0,7,4,0,3.0,1.0,1
154,47,3,3,0,1,1,1,1,1,0,0,0,6,2,1,3.0,0.0,1
150,48,3,2,1,2,0,0,0,0,0,0,0,6,1,1,5.0,0.0,1
161,49,3,2,0,1,0,1,1,2,1,0,0,8,3,0,2.0,0.0,1
163,50,3,3,0,1,1,1,1,1,2,0,0,9,1,0,4.0,0.0,1
163,50,3,2,1,1,2,1,1,3,3,0,0,9,3,1,3.0,0.0,1
163,50,4,1,2,0,1,3,1,1,2,1,0,7,2,1,2.0,0.0,1
164,50,3,3,1,0,0,1,1,3,1,0,0,8,3,0,6.0,0.0,1
164,50,3,3,0,2,1,2,1,2,1,2,1,8,3,0,5.0,0.0,1
150,49,3,3,0,0,1,1,0,0,0,0,0,8,1,0,2.0,0.0,1
150,49,2,1,0,1,1,1,1,0,1,1,0,5,3,0,4.0,1.0,1
152,49,3,3,0,1,1,1,2,1,0,1,0,8,2,0,2.0,0.0,1
154,49,3,2,0,0,0,0,0,3,0,2,0,6,3,0,1.0,0.0,1
155,49,3,3,1,0,2,2,1,0,0,0,0,9,2,0,2.0,0.0,1
156,49,3,2,1,1,1,0,1,2,1,2,0,8,3,0,5.0,0.0,1
159,49,3,2,1,1,1,1,1,3,2,1,0,10,3,0,4.0,0.0,1
159,49,4,3,0,1,0,0,0,1,1,0,0,6,1,0,3.0,0.0,1
160,49,3,3,1,1,0,1,2,1,1,3,0,7,3,0,4.0,0.0,1
143,40,3,3,3,1,0,0,1,0,0,0,0,12,3,0,8.0,0.0,1
160,49,3,3,1,0,1,2,2,0,0,0,0,2,4,0,1.0,0.0,1
160,49,2,3,0,0,1,2,1,3,2,1,0,8,2,0,3.0,1.0,1
160,49,3,3,0,1,0,1,0,2,1,0,0,8,1,1,4.0,1.0,1
160,49,4,3,1,1,2,2,1,2,2,0,0,3,3,0,4.0,0.0,1
162,49,3,0,1,2,1,1,1,1,0,0,0,8,4,0,2.0,0.0,1
155,47,3,1,0,1,2,0,1,1,0,0,0,6,3,0,3.0,0.0,1
155,47,3,2,0,0,1,1,1,1,0,0,0,6,4,0,2.0,0.0,1
158,47,3,3,0,0,1,1,2,0,0,0,0,8,3,0,3.0,1.0,1
150,43,2,1,0,0,1,0,0,1,1,1,0,8,2,1,2.0,1.0,1
150,43,3,3,1,0,1,2,1,1,1,2,0,9,2,1,1.0,0.0,1
150,45,2,0,2,0,1,0,1,2,1,1,0,3,1,0,2.0,0.0,1
152,45,3,3,1,1,1,1,1,2,2,0,0,7,4,0,3.0,0.0,1
152,45,4,2,1,1,0,2,2,0,0,0,0,8,3,0,2.0,0.0,1
150,43,3,3,1,0,2,0,1,0,1,0,0,10,3,0,2.0,0.0,1
148,43,3,3,0,1,1,1,1,1,0,1,0,8,2,0,6.0,0.0,1
153,45,3,3,0,1,1,1,2,1,1,0,0,8,2,0,3.0,0.0,1
154,45,3,2,1,1,1,2,1,2,2,0,0,6,3,0,3.0,0.0,1
154,45,2,2,0,0,1,0,0,0,2,0,0,7,1,0,4.0,0.0,1
154,45,2,3,0,0,1,2,1,2,0,0,0,6,1,0,4.0,0.0,1
150,44,3,3,0,1,2,1,1,2,1,0,0,8,2,0,4.0,0.0,1
150,44,3,1,1,0,0,2,0,3,3,0,0,8,2,0,2.0,1.0,1
150,44,2,3,0,0,0,0,0,0,1,0,0,8,1,0,1.0,1.0,1
151,44,3,3,2,0,0,1,1,1,0,1,0,8,3,0,4.0,0.0,1
152,44,3,3,1,0,1,1,1,0,2,0,0,9,4,0,6.0,0.0,1
140,43,2,1,1,0,1,0,1,0,0,0,0,6,1,0,6.0,1.0,1
148,43,3,3,0,1,1,1,1,1,0,0,0,8,1,0,6.0,0.0,1
148,43,3,3,0,0,2,1,1,2,2,1,0,6,3,0,2.0,0.0,1
150,45,3,1,1,1,0,1,2,2,0,0,0,11,2,0,4.0,0.0,1
150,45,3,3,3,0,1,2,1,2,2,0,0,9,3,1,3.0,0.0,1
150,45,3,3,0,0,1,2,1,1,1,0,0,8,3,1,5.0,0.0,1
150,45,3,2,1,2,1,1,1,1,1,0,0,7,3,0,0.0,0.0,1
158,47,3,2,0,0,1,1,0,1,0,0,0,7,3,0,6.0,1.0,1
158,47,3,3,1,1,1,1,1,1,1,0,0,9,3,0,3.0,0.0,1
148,46,3,3,1,0,1,1,1,2,2,0,0,8,3,0,3.0,0.0,1
153,46,3,2,0,0,1,0,1,3,0,0,0,5,3,1,3.0,1.0,1
140,40,3,3,3,1,1,1,1,1,2,0,0,11,2,1,1.0,0.0,1
150,42,3,0,1,0,0,0,1,2,1,0,0,10,3,0,7.0,0.0,1
150,42,3,2,0,0,1,2,2,3,0,1,0,9,3,1,3.0,0.0,1
152,43,2,1,3,0,1,0,1,0,0,1,0,7,2,0,0.0,0.0,1
152,43,3,3,1,2,1,1,1,0,0,0,0,7,3,0,6.0,0.0,1
162,50,3,3,1,1,1,1,1,1,2,0,0,8,2,0,3.0,0.0,1
159,53,3,3,1,1,0,1,1,2,2,0,0,8,3,0,6.0,0.0,1
155,46,3,3,0,0,1,1,1,1,1,0,0,8,3,0,4.0,0.0,1
157,46,2,3,3,0,2,3,0,0,0,0,0,8,5,1,0.0,0.0,1
140,45,4,1,0,0,1,1,2,1,0,2,0,2,2,0,1.0,0.0,1
147,45,3,3,1,0,1,0,1,1,0,0,0,10,2,0,4.0,0.0,1
152,43,2,0,1,0,1,2,0,0,0,0,0,7,1,0,0.0,1.0,1
151,43,3,3,1,0,0,1,1,1,0,0,0,8,3,0,5.0,0.0,1
150,43,3,1,3,1,1,1,1,0,2,0,0,3,3,0,2.0,0.0,1
150,45,3,3,0,0,1,2,0,1,1,0,0,8,1,0,2.0,0.0,1
150,45,3,3,1,1,1,1,1,1,0,0,0,7,2,0,5.0,0.0,1
152,43,3,1,0,0,1,1,1,3,2,0,0,8,3,0,4.0,1.0,1
162,50,3,3,0,0,1,1,1,2,2,1,0,6,2,0,4.0,0.0,1
153,49,2,3,0,0,1,1,1,1,1,0,0,8,3,0,2.0,0.0,1
160,50,3,3,0,1,2,1,1,2,2,2,0,9,1,1,8.0,0.0,1
160,52,3,1,0,0,0,1,0,1,2,0,0,3,3,0,4.0,0.0,1
160,52,3,3,0,0,0,1,1,1,0,0,0,6,1,1,3.0,0.0,1
160,52,3,3,3,1,1,2,2,3,3,0,0,6,1,1,1.0,0.0,1
160,52,2,1,0,0,1,2,1,2,1,0,0,8,1,0,5.0,0.0,1
161,52,3,1,1,0,0,0,1,1,1,0,0,5,3,0,3.0,0.0,1
162,52,2,0,0,0,2,1,1,1,1,0,0,8,3,0,5.0,0.0,1
162,52,3,2,0,1,0,0,1,0,0,0,0,7,2,0,3.0,0.0,1
163,52,3,0,1,0,2,1,2,1,2,0,0,7,2,0,3.0,0.0,1
163,52,4,3,1,0,1,1,1,2,2,1,0,6,4,0,5.0,1.0,1
164,52,3,1,0,0,0,1,0,1,1,0,0,7,3,0,6.0,0.0,1
165,52,3,3,0,0,1,1,0,0,0,0,0,7,5,0,1.0,0.0,1
161,50,3,3,0,1,1,2,1,2,2,0,0,6,3,0,0.0,0.0,1
157,51,3,1,1,2,1,2,1,2,1,1,0,8,4,1,5.0,0.0,1
160,51,3,2,0,0,1,1,1,0,0,0,0,7,1,1,5.0,0.0,1
160,51,3,3,0,0,1,1,1,1,0,0,0,6,2,0,7.0,0.0,1
160,51,3,2,1,2,0,1,1,0,0,0,0,7,1,0,8.0,1.0,1
160,51,3,2,1,1,1,1,1,1,1,0,0,8,1,1,1.0,0.0,1
160,51,3,2,1,0,1,1,2,2,2,0,0,8,5,0,6.0,0.0,1
160,51,3,2,1,0,1,1,1,3,2,1,0,2,2,0,4.0,0.0,1
160,52,3,3,1,1,1,2,2,2,0,0,0,5,3,0,0.0,0.0,1
162,51,2,1,2,1,1,0,2,2,1,0,0,7,1,0,3.0,1.0,1
158,52,3,3,2,0,0,0,2,0,0,0,0,7,1,0,3.0,0.0,1
158,52,3,3,0,1,1,1,1,1,1,0,0,8,1,0,4.0,0.0,1
160,53,3,3,0,1,2,1,2,0,2,0,0,7,3,0,5.0,0.0,1
160,53,3,1,0,0,0,1,0,1,0,0,0,8,4,0,1.0,0.0,1
160,53,2,2,1,0,1,1,1,1,0,1,0,8,3,0,0.0,0.0,1
160,53,3,2,0,0,2,1,2,0,1,0,0,10,2,0,4.0,0.0,1
160,53,3,2,1,1,0,1,1,1,2,1,0,6,2,0,7.0,0.0,1
162,53,3,1,0,0,1,1,0,0,0,0,0,8,3,1,1.0,0.0,1
162,53,3,3,0,1,0,0,1,0,1,0,0,7,1,0,5.0,0.0,1
163,53,3,3,0,0,1,1,1,1,1,0,0,10,3,0,2.0,0.0,1
164,53,2,3,0,0,1,1,0,2,2,0,0,7,3,0,3.0,0.0,1
164,53,3,2,0,1,1,3,1,1,1,0,0,6,1,0,2.0,0.0,1
164,53,3,3,1,0,0,2,1,0,0,0,0,8,1,0,7.0,0.0,1
166,53,3,3,0,0,1,1,1,2,1,0,0,10,4,1,4.0,1.0,1
166,53,3,2,1,3,1,1,1,0,1,0,0,8,2,0,6.0,0.0,1
167,53,3,1,0,0,0,0,0,1,2,0,0,8,2,0,1.0,0.0,1
169,53,3,3,0,1,1,2,1,2,3,0,0,8,4,0,2.0,0.0,1
153,52,3,3,0,0,1,1,1,2,2,0,0,8,1,0,4.0,0.0,1
155,52,2,0,0,0,1,1,0,0,0,0,0,8,3,0,1.0,0.0,1
155,52,3,3,1,0,1,2,1,0,0,1,0,8,1,0,8.0,0.0,1
156,52,3,3,2,1,2,0,2,3,3,1,0,8,4,0,4.0,0.0,1
158,52,4,3,2,0,0,0,2,0,0,1,0,7,2,0,1.0,0.0,1
163,51,3,3,0,2,2,2,2,1,2,0,0,9,2,0,4.0,0.0,1
152,51,3,3,0,0,1,1,2,3,2,0,0,5,5,1,3.0,0.0,1
150,50,2,1,0,0,0,1,0,1,1,2,0,8,2,0,4.0,0.0,1
154,50,3,3,0,0,1,1,0,1,1,1,0,11,1,0,1.0,0.0,1
155,50,3,3,3,0,2,1,1,0,0,1,0,9,3,0,1.0,0.0,1
156,50,3,3,0,1,1,1,1,2,1,0,0,8,2,0,4.0,0.0,1
156,50,3,3,1,0,1,1,2,1,1,0,0,8,3,0,6.0,0.0,1
165,51,3,3,1,1,1,2,1,2,3,1,0,10,3,1,5.0,0.0,1
157,50,3,3,0,1,0,1,0,0,0,0,0,10,1,0,3.0,0.0,1
158,50,2,2,0,1,0,0,1,3,2,2,1,8,3,0,3.0,0.0,1
154,50,3,1,1,1,1,0,2,0,0,1,0,10,2,0,5.0,1.0,1
159,50,3,1,0,0,1,1,2,2,0,0,0,8,4,0,3.0,0.0,1
160,50,3,3,0,0,1,2,1,0,2,0,0,7,2,0,1.0,0.0,1
160,50,3,2,1,0,1,1,1,0,0,1,0,6,2,0,6.0,0.0,1
160,50,3,3,0,0,2,1,2,3,1,0,0,11,5,0,1.0,0.0,1
160,50,2,1,0,0,1,1,1,0,0,0,0,6,3,0,8.0,0.0,1
160,50,3,1,0,0,1,2,1,1,0,0,0,9,3,0,1.0,0.0,1
160,50,3,3,2,0,2,1,0,0,0,0,0,6,2,0,2.0,0.0,1
160,50,2,1,0,1,1,1,0,2,1,0,0,6,3,0,3.0,0.0,1
160,50,3,2,0,0,1,1,1,0,0,0,0,8,1,0,4.0,0.0,1
151,50,4,3,0,0,2,1,1,1,0,1,0,8,4,0,4.0,0.0,1
156,50,3,1,1,0,2,0,1,1,0,0,0,8,1,1,0.0,0.0,1
150,50,3,2,0,2,1,1,1,1,1,0,0,8,1,0,4.0,0.0,1
150,50,3,1,0,1,1,1,1,1,0,1,0,8,1,0,2.0,0.0,1
150,50,1,1,0,0,0,0,1,2,1,1,0,4,3,0,2.0,0.0,1
150,50,2,3,1,1,1,0,1,0,0,1,0,8,2,0,7.0,0.0,1
140,37,3,3,1,1,0,1,1,1,0,0,0,6,3,1,1.0,0.0,1
150,50,2,0,1,1,2,1,0,1,2,1,0,4,3,1,0.0,0.0,1
147,40,3,3,1,1,1,1,1,1,2,0,0,7,2,0,7.0,0.0,1
150,50,3,1,0,1,2,2,2,2,1,0,0,8,1,1,4.0,0.0,1
150,33,3,3,0,1,1,1,2,2,1,0,0,8,2,0,,,0
160,45,3,2,0,1,1,0,1,1,1,0,0,7,3,0,,,0
158,45,1,1,0,0,1,0,1,0,0,0,0,5,1,0,,,0
158,45,3,3,0,0,1,1,1,1,1,1,0,10,2,0,,,0
158,45,3,3,0,1,0,2,1,2,2,1,0,8,2,0,,,0
158,45,3,1,1,2,1,1,2,0,0,0,0,10,2,0,,,0
158,45,3,2,1,1,1,1,1,1,1,1,0,8,3,0,,,0
157,45,3,2,0,1,0,0,2,3,1,0,0,7,1,0,,,0
156,45,3,3,3,0,1,2,2,3,2,0,0,9,3,0,,,0
156,45,2,0,0,1,0,2,1,0,1,0,0,7,3,0,,,0
175,55,3,3,2,1,1,1,2,3,3,0,1,6,1,1,,,0
175,55,3,2,0,0,1,2,1,2,2,1,0,8,4,1,,,0
160,45,3,1,0,0,0,0,0,0,0,1,0,7,1,0,,,0
173,55,3,3,1,1,1,2,1,1,0,0,0,7,3,1,,,0
165,46,3,0,0,0,2,1,2,3,2,0,0,6,2,0,,,0
165,46,3,1,0,0,0,1,1,2,2,0,0,7,3,0,,,0
163,46,3,1,0,0,1,1,1,0,0,1,0,6,1,1,,,0
162,46,3,1,1,1,1,1,0,0,0,0,0,8,1,0,,,0
160,46,2,2,1,2,1,0,2,1,1,0,0,6,3,0,,,0
160,46,2,0,3,0,1,1,2,0,1,0,0,6,2,0,,,0
160,46,3,1,1,3,2,2,2,2,0,0,0,6,3,0,,,0
159,46,3,2,0,0,1,2,0,2,1,1,0,8,2,0,,,0
159,46,3,3,0,0,1,1,1,0,0,0,0,8,4,0,,,0
158,46,3,3,0,1,0,0,1,0,0,0,0,7,1,0,,,0
172,47,3,3,1,0,0,1,1,2,2,0,0,7,3,0,,,0
173,46,3,1,1,0,1,3,1,1,2,0,0,8,3,0,,,0
160,45,2,0,0,1,0,0,1,1,1,1,0,3,2,0,,,0
161,45,3,2,0,0,0,1,1,2,2,0,0,8,3,0,,,0
161,45,3,2,0,0,0,0,1,1,0,0,0,8,1,0,,,0
167,44,3,3,1,0,2,1,2,2,2,0,0,8,3,1,,,0
166,44,3,2,2,0,1,1,2,2,1,0,0,7,3,0,,,0
166,44,3,1,1,1,1,0,1,2,1,0,0,10,4,0,,,0
165,44,3,3,2,2,0,1,1,2,2,0,0,8,2,0,,,0
164,44,3,1,0,0,1,1,1,0,0,0,0,8,2,1,,,0
163,44,3,2,1,2,1,1,2,1,1,1,0,8,1,0,,,0
163,44,3,2,1,2,1,1,1,1,2,0,0,7,3,1,,,0
163,44,3,3,1,2,1,2,1,2,1,0,0,8,2,0,,,0
161,44,2,1,0,0,0,1,1,0,0,1,0,7,2,0,,,0
161,44,3,2,0,2,1,1,2,1,0,0,0,7,1,0,,,0
160,44,2,1,1,0,0,1,1,0,0,2,0,10,3,0,,,0
160,44,2,0,0,0,1,1,1,2,2,0,0,8,2,0,,,0
160,44,3,1,1,0,1,1,0,0,0,1,0,8,1,0,,,0
160,44,2,0,1,0,0,1,1,0,2,0,0,8,3,0,,,0
158,44,3,2,0,0,1,1,1,1,0,0,0,8,2,0,,,0
156,44,2,1,1,0,2,1,2,3,3,0,0,7,3,0,,,0
182,53,3,3,1,1,1,3,2,2,1,0,0,8,3,0,,,0
180,55,3,2,1,1,0,1,1,1,2,0,0,8,3,1,,,0
170,45,3,1,1,0,1,0,2,1,1,1,0,6,3,1,,,0
165,45,3,3,0,0,1,3,0,0,0,1,0,8,1,1,,,0
165,45,3,2,1,0,0,2,1,2,2,1,0,8,2,0,,,0
165,45,3,3,3,0,2,1,2,0,0,0,0,8,1,0,,,0
164,45,3,3,2,3,1,2,1,2,2,2,0,10,3,0,,,0
163,45,3,1,0,1,0,1,1,3,3,0,0,7,4,0,,,0
162,45,3,3,0,0,2,2,2,1,1,1,0,9,2,1,,,0
165,47,3,3,1,1,2,0,2,2,0,0,0,8,2,0,,,0
165,47,3,2,1,1,0,1,0,1,3,1,0,8,2,0,,,0
165,47,3,1,1,0,1,1,1,0,3,1,0,7,3,0,,,0
164,47,2,3,0,1,1,1,1,2,2,1,0,10,2,0,,,0
164,49,3,3,0,1,1,1,1,1,0,1,0,5,3,1,,,0
164,49,4,3,2,1,2,2,1,2,2,1,0,8,2,0,,,0
163,49,3,3,0,0,1,2,1,2,0,0,0,6,3,0,,,0
163,49,3,1,1,0,0,0,0,0,0,0,0,9,5,0,,,0
181,60,4,3,2,1,2,3,1,1,0,3,0,7,3,1,,,0
182,60,3,2,1,0,0,2,0,0,0,1,0,8,3,0,,,0
179,59,3,2,0,0,1,2,2,3,3,0,0,8,1,0,,,0
182,58,3,3,3,3,0,1,1,0,0,1,0,8,3,0,,,0
178,58,3,0,2,0,1,1,1,0,0,3,1,7,5,0,,,0
172,50,2,0,1,3,0,1,1,0,2,0,0,8,3,0,,,0
172,50,3,2,0,1,1,2,1,1,2,0,0,10,3,0,,,0
170,50,2,1,1,0,2,0,0,1,1,1,0,6,1,1,,,0
170,50,3,3,1,0,1,1,1,2,2,0,0,6,3,0,,,0
169,50,3,2,0,0,1,2,0,2,1,1,0,12,1,0,,,0
169,50,2,1,1,0,1,2,0,2,1,0,0,8,3,0,,,0
166,50,3,3,0,0,0,1,1,2,0,0,0,8,3,0,,,0
165,50,4,3,0,1,1,1,1,2,3,2,0,7,1,1,,,0
165,50,3,1,1,1,1,1,1,2,1,1,0,5,4,0,,,0
165,50,3,3,0,1,1,1,1,3,1,1,0,8,4,0,,,0
165,50,3,3,0,0,1,1,0,1,1,0,0,9,2,0,,,0
165,50,4,3,0,1,1,1,2,1,1,0,0,8,1,0,,,0
165,50,3,3,1,0,0,1,1,1,1,0,0,8,1,0,,,0
165,50,3,3,0,0,1,0,1,2,2,0,0,8,3,0,,,0
165,50,3,3,0,0,2,3,1,3,3,0,0,7,2,0,,,0
165,50,3,2,1,0,2,1,1,1,0,0,0,8,2,0,,,0
165,49,3,2,0,1,1,2,1,2,1,0,0,6,3,0,,,0
169,44,3,0,1,1,0,1,1,0,0,0,0,10,2,0,,,0
165,49,4,2,0,0,1,2,1,1,1,1,0,1,3,1,,,0
167,49,2,3,0,0,1,1,0,0,0,1,0,6,4,0,,,0
163,47,3,1,0,0,1,1,0,1,1,0,0,8,3,0,,,0
162,47,3,1,1,0,1,1,0,1,1,0,0,6,2,0,,,0
160,47,3,3,1,0,2,1,0,3,3,0,0,7,3,0,,,0
160,47,3,3,2,2,1,1,1,0,1,0,0,9,3,1,,,0
160,47,3,3,0,1,1,0,1,0,2,0,0,9,1,0,,,0
160,47,3,3,1,0,1,1,1,1,0,0,0,10,3,0,,,0
168,52,3,3,1,2,1,1,1,1,2,1,0,8,3,0,,,0
170,52,4,2,2,2,1,0,0,2,1,0,0,8,1,1,,,0
170,52,3,3,1,0,0,1,2,0,2,0,0,7,3,1,,,0
175,52,3,2,1,1,1,2,2,3,2,1,0,8,3,0,,,0
180,48,3,3,1,3,0,0,0,0,1,0,0,11,4,1,,,0
170,48,3,2,0,1,1,1,1,1,1,0,0,9,1,0,,,0
170,48,2,0,1,0,0,1,0,0,1,3,0,7,1,0,,,0
170,48,3,3,0,0,0,1,1,0,2,2,1,8,3,0,,,0
168,48,3,3,2,1,0,1,2,2,2,1,0,8,3,0,,,0
165,48,2,2,1,0,1,0,1,3,3,0,0,5,1,0,,,0
165,48,3,3,1,1,1,2,1,3,3,2,0,7,1,0,,,0
165,48,2,1,3,0,2,1,1,1,1,0,0,8,3,0,,,0
164,48,2,0,0,0,1,1,1,1,1,0,0,9,2,0,,,0
164,48,3,2,2,2,0,2,1,1,0,0,0,6,2,0,,,0
162,48,3,2,1,0,1,2,1,2,2,1,0,6,3,0,,,0
170,51,3,3,1,1,1,1,2,2,2,0,0,9,2,0,,,0
177,51,3,3,1,1,1,1,1,2,2,1,0,8,2,1,,,0
172,49,3,2,2,1,1,1,1,1,0,0,0,6,2,0,,,0
171,49,3,3,0,0,0,2,1,2,1,0,0,10,3,0,,,0
165,49,3,2,0,0,2,1,1,0,1,0,0,8,1,0,,,0
178,53,2,0,1,0,0,1,0,0,1,0,0,8,1,0,,,0
165,45,4,3,2,0,1,2,1,2,2,0,0,7,3,0,,,0
170,53,3,3,3,0,1,3,1,0,0,0,0,11,3,0,,,0
160,40,2,1,3,0,2,2,2,0,0,0,0,6,1,1,,,0
160,40,3,2,1,0,1,1,1,2,2,1,0,8,3,0,,,0
157,40,4,3,2,1,1,2,1,3,3,0,0,9,2,0,,,0
155,40,2,1,2,1,0,0,0,1,0,1,0,7,1,0,,,0
155,40,3,3,0,0,1,0,1,1,1,0,0,8,2,0,,,0
155,40,4,2,2,0,2,1,1,0,1,0,0,7,1,1,,,0
153,40,3,3,0,0,0,1,1,1,0,1,0,7,3,0,,,0
153,40,4,3,2,1,1,2,2,2,1,0,0,7,3,1,,,0
153,40,3,3,1,0,1,1,0,0,1,0,0,10,2,0,,,0
153,40,3,3,0,0,1,1,1,1,0,0,0,10,3,0,,,0
152,40,3,3,0,1,1,1,2,1,0,0,0,8,3,0,,,0
150,40,3,3,0,1,1,0,0,0,1,0,0,9,2,0,,,0
150,40,2,0,0,2,0,0,1,2,2,0,0,6,1,0,,,0
160,40,2,0,3,0,1,0,0,1,1,0,1,6,1,0,,,0
150,40,3,1,0,1,0,0,1,0,1,0,0,9,2,0,,,0
150,40,2,0,0,1,1,1,2,2,0,0,0,10,2,0,,,0
150,40,3,3,2,1,2,1,2,1,2,1,0,7,2,0,,,0
150,40,3,3,1,1,1,1,1,2,1,0,0,8,3,0,,,0
149,40,3,3,0,2,1,0,1,0,1,1,0,10,2,0,,,0
183,54,2,0,0,0,0,1,2,0,0,0,0,7,3,0,,,0
175,54,3,1,0,0,0,2,1,1,1,1,0,6,2,0,,,0
165,41,3,3,1,0,1,1,1,2,1,1,0,7,3,0,,,0
163,41,3,3,3,0,1,1,2,0,0,1,1,8,2,0,,,0
161,41,2,1,0,2,1,0,1,1,1,0,0,8,2,0,,,0
160,41,2,1,0,0,0,1,0,0,0,0,0,7,1,0,,,0
160,41,3,3,0,0,1,1,1,2,1,0,0,8,2,0,,,0
158,41,1,0,1,0,0,0,1,0,1,0,0,6,2,1,,,0
158,41,3,1,0,0,0,0,2,1,0,0,0,7,2,0,,,0
171,53,3,1,1,1,1,1,1,0,0,0,0,9,1,0,,,0
155,41,3,3,1,1,1,1,1,1,1,0,0,9,3,0,,,0
162,40,2,0,0,0,0,1,1,0,0,0,0,8,3,0,,,0
150,39,2,1,1,1,1,0,2,0,1,0,0,8,1,0,,,0
151,35,3,2,1,1,0,0,1,0,0,0,0,7,2,0,,,0
150,35,2,1,0,0,0,0,0,1,1,0,0,3,3,0,,,0
150,36,3,3,1,0,2,0,2,0,0,0,0,6,3,0,,,0
150,36,3,3,3,1,2,1,1,0,0,1,0,8,2,1,,,0
150,36,3,1,3,0,0,0,0,0,0,1,0,8,3,0,,,0
150,36,3,2,0,1,1,1,2,2,1,0,0,8,2,0,,,0
156,37,3,3,1,1,1,1,1,0,0,0,0,8,3,1,,,0
155,37,3,3,2,1,0,1,1,0,0,4,1,9,1,0,,,0
154,37,3,1,1,1,1,1,1,0,0,0,0,7,3,0,,,0
154,37,3,2,0,1,0,1,1,0,1,0,0,7,1,1,,,0
153,37,2,0,1,0,1,1,1,0,0,0,0,8,3,0,,,0
150,37,2,2,0,1,1,1,0,0,1,0,0,8,2,0,,,0
149,37,2,0,0,0,1,1,1,2,1,0,0,8,3,0,,,0
165,40,3,3,0,0,1,1,0,2,2,0,0,8,2,0,,,0
164,38,2,1,1,0,1,1,1,0,0,1,0,8,3,0,,,0
157,38,3,2,2,1,1,0,1,1,2,1,0,8,1,0,,,0
156,38,2,1,1,0,1,1,1,1,2,0,0,10,1,1,,,0
152,38,3,2,0,0,1,0,1,1,0,0,0,8,2,0,,,0
152,38,2,3,0,1,1,1,2,2,1,0,0,8,3,0,,,0
152,38,2,1,0,0,1,1,2,2,0,0,0,10,3,0,,,0
150,38,2,3,0,0,0,0,0,1,1,2,0,2,3,1,,,0
150,38,3,1,2,3,1,1,2,0,0,0,0,10,1,1,,,0
150,38,3,3,0,0,1,0,1,0,0,0,0,8,2,0,,,0
155,39,3,2,1,0,1,0,2,3,0,0,0,7,2,0,,,0
154,39,2,1,0,1,1,0,1,1,1,0,0,10,2,0,,,0
151,39,3,3,1,1,0,1,1,1,1,0,0,8,2,0,,,0
150,39,3,2,3,1,0,0,1,1,0,1,0,6,3,0,,,0
150,39,3,2,0,1,0,1,1,1,0,0,0,8,3,0,,,0
163,38,3,3,0,0,1,1,1,2,2,0,0,8,3,0,,,0
153,41,3,3,0,0,1,1,2,0,2,0,0,7,3,0,,,0
150,40,3,1,0,0,1,1,2,2,1,0,0,7,1,1,,,0
150,41,3,3,0,1,1,2,2,2,1,0,0,6,4,0,,,0
158,43,2,0,0,1,0,0,1,1,0,0,0,12,2,1,,,0
160,43,3,1,3,0,1,0,1,1,0,0,0,6,2,0,,,0
160,42,3,1,1,1,1,1,1,1,0,0,0,10,1,1,,,0
158,42,3,3,1,1,0,1,1,2,2,0,0,10,2,0,,,0
158,42,3,1,0,1,1,1,1,2,0,1,0,5,3,0,,,0
158,42,3,2,0,1,2,0,1,1,1,1,0,8,1,0,,,0
157,42,3,2,3,0,1,1,1,1,1,0,0,7,3,0,,,0
155,42,3,2,0,0,0,1,1,1,1,0,0,7,2,0,,,0
155,42,2,3,0,0,1,1,1,1,0,0,0,7,4,0,,,0
153,42,3,3,0,3,0,1,1,0,1,1,0,8,1,0,,,0
157,43,3,3,3,0,0,0,1,0,0,0,0,12,1,0,,,0
153,42,3,3,3,2,0,1,1,0,1,1,0,6,1,0,,,0
152,42,3,3,0,0,0,1,1,1,1,0,0,5,2,0,,,0
173,54,3,1,1,1,0,2,1,1,2,0,0,7,2,1,,,0
151,41,3,3,0,0,1,2,1,1,0,0,0,7,1,0,,,0
159,43,3,2,1,1,1,1,2,2,2,0,0,9,1,0,,,0
159,43,3,3,2,1,1,2,1,1,1,0,0,8,3,0,,,0
159,43,2,0,0,0,1,1,2,1,1,0,0,8,3,0,,,0
167,43,3,3,0,1,1,1,1,0,0,0,0,8,3,0,,,0
163,43,2,2,0,0,0,1,1,1,1,0,0,7,1,0,,,0
163,43,3,2,1,1,1,1,2,3,2,1,0,6,3,1,,,0
162,43,3,1,1,1,1,1,1,1,0,0,0,7,2,0,,,0
152,42,3,1,1,1,1,1,1,0,0,0,0,8,3,1,,,0
156,43,3,2,1,2,1,0,1,2,1,0,0,6,1,0,,,0
160,43,3,2,0,1,0,0,0,0,0,1,0,8,1,0,,,0
153,43,3,1,1,0,1,1,1,0,0,1,0,7,3,0,,,0
162,42,3,3,3,0,0,1,1,0,1,1,0,8,3,0,,,0
163,42,3,2,0,1,1,0,1,2,0,0,0,8,3,0,,,0
150,41,3,3,0,1,1,1,2,2,1,0,0,8,2,0,,,0
149,41,3,2,0,1,1,1,1,1,1,0,0,8,2,0,,,0
165,42,3,3,3,1,1,0,1,2,2,0,0,10,3,0,,,0
164,42,2,1,0,1,1,1,2,0,1,1,0,10,2,0,,,0
156,43,2,1,0,1,1,1,1,0,1,0,0,6,3,0,,,0
155,43,3,3,1,1,0,1,1,1,1,0,0,10,2,0,,,0
154,43,3,3,0,1,1,1,1,0,1,2,0,8,3,0,,,0
170,53,3,3,1,1,1,1,1,2,2,0,0,8,2,1,,,0
166,43,3,1,0,1,1,0,1,1,0,0,0,9,3,0,,,0
161,45,3,1,0,0,0,1,0,1,1,0,0,8,3,0,,,0
165,50,3,2,0,0,1,1,0,1,0,0,0,8,2,0,,,0
164,44,3,2,1,0,0,2,1,2,1,0,0,8,2,0,,,0
165,50,3,3,0,0,0,1,0,1,0,0,0,8,2,0,,,0
156,42,3,3,1,1,0,1,1,1,1,0,0,10,2,0,,,0
163,49,3,3,0,0,1,1,1,1,0,0,0,5,3,0,,,0
153,42,3,3,0,2,0,1,1,0,1,1,0,8,1,0,,,0
165,49,3,2,0,0,1,1,0,0,1,0,0,8,1,0,,,0
169,50,2,2,1,0,1,1,1,2,1,0,0,8,2,0,,,0
169,49,3,3,1,0,0,1,1,2,2,0,0,6,3,0,,,0
178,48,3,2,0,2,0,0,0,0,1,0,0,10,3,0,,,0
153,40,3,3,0,0,1,0,1,1,0,0,0,9,2,0,,,0
150,40,3,2,0,0,1,1,1,1,0,0,0,7,1,0,,,0
163,41,3,2,0,0,1,0,1,1,0,0,0,8,2,0,,,0
153,40,4,2,2,0,1,1,1,1,1,0,0,7,2,1,,,0
170,48,2,1,0,1,0,1,1,0,1,0,0,8,1,0,,,0
161,44,3,1,1,1,1,1,1,1,0,0,0,6,2,0,,,0
149,40,3,2,0,1,0,0,1,0,1,0,0,9,2,0,,,0
178,53,2,0,1,0,0,1,0,0,1,0,0,8,1,0,,,0
155,42,3,2,0,0,0,0,1,1,1,0,0,6,1,0,,,0
154,41,3,2,0,0,0,1,1,0,1,0,0,7,2,0,,,0
150,40,2,1,0,1,0,0,1,2,1,0,0,6,1,0,,,0
154,37,3,1,1,1,1,1,1,0,0,0,0,7,3,0,,,0
155,41,3,2,0,0,0,1,1,1,1,0,0,7,2,0,,,0
157,45,3,3,0,0,0,2,1,2,2,0,0,8,2,0,,,0
164,49,3,3,1,0,0,1,1,1,1,0,0,8,1,0,,,0
150,37,3,2,0,0,0,0,1,0,0,0,0,7,2,0,,,0
160,44,2,1,0,0,0,1,1,1,2,0,0,8,3,0,,,0
158,41,3,1,0,0,0,0,1,1,0,0,0,7,1,0,,,0
153,41,3,2,0,0,1,1,1,0,1,0,0,7,3,0,,,0
160,45,3,1,0,2,1,1,2,1,0,0,0,6,2,0,,,0
158,44,3,1,0,0,1,1,1,0,0,0,0,8,2,0,,,0
165,49,3,1,0,1,1,1,1,2,1,0,0,5,3,0,,,0
165,41,3,3,1,0,1,0,1,2,1,0,0,7,3,0,,,0
162,39,2,0,0,0,0,1,1,0,0,0,0,8,3,0,,,0
150,40,3,3,0,1,1,1,1,2,1,0,0,6,3,0,,,0
159,46,3,3,0,0,1,1,1,0,0,0,0,8,3,0,,,0
154,40,4,2,2,0,1,1,1,0,1,0,0,7,1,1,,,0
153,43,3,2,0,0,1,1,1,0,0,1,0,7,3,0,,,0
154,37,3,1,0,1,0,1,1,0,0,0,0,7,1,0,,,0
170,52,3,3,1,1,1,1,1,2,2,0,0,8,2,0,,,0
169,49,2,1,0,0,1,1,0,1,1,0,0,8,2,0,,,0
169,44,3,0,0,1,0,1,1,0,0,0,0,9,1,0,,,0
170,53,3,2,1,1,1,1,1,1,1,0,0,8,1,0,,,0
181,57,3,2,2,2,0,1,1,0,0,0,0,8,3,0,,,0
152,38,2,3,0,1,1,1,2,1,0,0,0,8,3,0,,,0
150,36,2,2,0,1,1,1,0,0,1,0,0,8,2,0,,,0
150,40,3,3,0,1,1,1,2,1,0,0,0,8,2,0,,,0
169,46,3,1,0,1,0,1,1,0,0,0,0,9,1,0,,,0
163,48,3,1,0,0,0,0,0,0,0,0,0,8,4,0,,,0
165,50,3,3,0,0,0,1,0,1,1,0,0,8,1,0,,,0
164,49,4,3,1,1,1,1,1,2,2,1,0,7,1,0,,,0
158,42,2,0,0,0,1,1,1,1,0,0,0,5,3,0,,,0
162,46,3,1,0,0,1,1,0,0,0,0,0,6,1,0,,,0
150,39,3,2,0,1,0,1,1,1,0,0,0,8,3,0,,,0
150,36,2,2,0,0,1,0,1,0,0,0,0,6,2,0,,,0
172,53,3,1,1,1,0,1,1,0,1,0,0,7,1,0,,,0
149,39,3,2,0,1,0,0,1,0,0,0,0,9,2,0,,,0
158,43,3,1,1,1,1,1,2,1,1,0,0,9,1,0,,,0
151,39,3,3,0,1,0,1,1,1,0,0,0,8,2,0,,,0
160,41,2,1,0,1,1,0,1,1,1,0,0,8,2,0,,,0
158,43,3,2,0,0,1,0,1,1,0,0,0,8,1,0,,,0
164,49,3,1,1,1,0,1,1,1,0,0,0,5,3,0,,,0
158,44,3,2,0,0,1,1,1,1,0,0,0,8,2,0,,,0
159,42,2,0,0,1,0,0,1,1,0,0,0,10,1,1,,,0
165,47,3,2,1,0,2,0,1,1,0,0,0,8,2,0,,,0
172,54,3,3,1,1,1,1,1,1,0,0,0,7,2,1,,,0
158,43,2,0,0,0,0,0,1,1,0,0,0,8,2,0,,,0
150,38,2,0,1,2,1,1,2,0,0,0,0,10,1,0,,,0
153,42,3,1,1,0,0,1,1,0,0,1,0,6,2,0,,,0
165,50,3,2,0,0,1,0,1,1,0,0,0,8,2,0,,,0
167,48,3,3,1,0,0,1,1,2,1,0,0,8,3,0,,,0
157,41,1,0,0,0,0,0,1,0,1,0,0,6,2,0,,,0
150,36,2,2,0,1,1,1,1,1,1,0,0,8,2,0,,,0
164,44,3,2,1,0,0,2,1,2,1,0,0,8,2,0,,,0
175,53,2,0,0,0,0,1,0,0,1,0,0,6,1,0,,,0
163,44,3,3,1,2,0,1,1,2,1,0,0,8,2,0,,,0
156,37,2,1,1,0,1,1,1,0,1,0,0,9,1,1,,,0
162,47,3,1,0,0,1,1,0,1,1,0,0,6,2,0,,,0
164,46,2,0,0,0,0,1,1,1,1,0,0,7,2,0,,,0
172,47,3,2,1,0,0,1,1,1,1,0,0,6,2,0,,,0
157,45,3,2,0,1,0,0,1,2,1,0,0,7,1,0,,,0
170,48,3,3,1,0,0,1,1,2,2,0,0,6,3,0,,,0
155,40,3,1,2,0,1,0,0,0,0,0,0,7,1,0,,,0
158,42,2,1,0,1,0,0,1,1,0,0,0,11,2,0,,,0
150,39,3,2,0,1,0,0,1,0,1,0,0,8,2,0,,,0
177,52,2,0,1,0,0,1,0,0,1,0,0,8,1,0,,,0
170,49,2,2,0,0,0,2,0,2,1,0,0,9,3,0,,,0
165,50,3,1,0,1,1,1,1,2,1,1,0,5,4,0,,,0
150,39,3,2,0,1,0,1,1,1,0,0,0,8,2,0,,,0
152,40,3,3,0,0,1,1,1,1,0,0,0,9,3,0,,,0
159,43,3,2,1,1,1,1,1,1,1,0,0,8,1,0,,,0
150,39,2,3,0,0,0,0,0,1,1,1,0,3,2,0,,,0
171,50,2,0,1,2,0,1,0,0,1,0,0,8,3,0,,,0
165,42,3,2,2,1,1,0,1,2,1,0,0,10,3,0,,,0
164,44,3,3,1,0,1,2,1,2,1,0,0,7,2,0,,,0
170,53,3,2,2,0,1,2,1,0,0,0,0,10,2,0,,,0
149,40,3,3,0,1,1,0,0,0,1,0,0,9,2,0,,,0
150,40,3,3,0,1,1,0,0,1,1,0,0,8,2,0,,,0
159,46,3,3,0,0,1,1,0,2,2,0,0,7,2,0,,,0
150,38,3,3,0,0,0,0,1,0,0,0,0,8,2,0,,,0
170,49,3,3,1,0,0,1,1,2,2,0,0,6,3,0,,,0
165,50,3,2,0,0,1,1,1,1,0,0,0,8,2,0,,,0
163,42,2,1,0,0,0,1,1,0,1,0,0,8,1,0,,,0
170,48,3,3,0,0,0,1,1,0,2,1,0,7,3,0,,,0
149,40,3,3,0,1,1,0,0,0,1,0,0,9,2,0,,,0
160,43,3,1,1,0,1,0,0,0,0,0,0,7,1,0,,,0
170,69,3,2,1,0,1,1,1,1,3,2,0,6,3,1,,,2
170,70,3,3,1,0,2,1,1,1,0,2,0,6,3,1,,,2
162,65,3,3,1,0,1,2,1,0,0,1,0,8,5,0,,,2
162,65,3,2,0,0,1,1,2,2,1,1,0,7,2,0,,,2
163,65,3,3,0,0,0,1,1,1,1,1,0,5,1,0,,,2
170,70,3,3,3,1,1,2,1,0,0,1,0,10,3,1,,,2
165,65,3,3,2,0,2,1,1,0,0,2,0,10,3,0,,,2
168,70,3,2,0,0,1,2,1,1,0,2,0,8,4,0,,,2
169,70,3,3,0,0,1,1,1,3,0,0,0,8,2,1,,,2
169,70,3,3,3,0,1,2,1,2,0,4,0,8,1,0,,,2
178,75,3,3,0,0,0,2,0,1,0,1,0,8,2,0,,,2
180,75,3,2,1,1,1,1,1,1,1,1,0,2,2,0,,,2
179,78,3,1,0,1,2,2,2,1,0,1,0,10,3,0,,,2
170,70,2,2,1,0,1,0,0,0,0,4,1,9,2,0,,,2
177,77,2,1,0,0,0,1,1,3,3,0,0,8,3,1,,,2
175,76,3,3,0,2,1,1,1,3,3,0,0,8,3,0,,,2
175,75,3,3,3,0,1,2,1,1,2,0,0,7,3,0,,,2
170,69,3,3,0,1,1,2,2,1,2,0,0,8,3,1,,,2
168,69,3,3,0,1,2,1,2,1,1,0,0,8,2,1,,,2
165,68,3,3,0,1,0,1,1,2,2,3,0,6,3,0,,,2
165,68,3,3,3,1,1,1,0,1,1,1,0,6,1,1,,,2
165,68,3,3,1,1,1,1,1,3,1,1,0,6,2,1,,,2
167,68,5,3,3,1,1,3,2,2,2,0,0,8,5,0,,,2
170,68,2,2,3,0,1,0,0,0,1,0,0,8,1,0,,,2
175,71,3,3,0,1,2,1,2,3,1,1,0,8,2,0,,,2
170,72,3,2,0,0,1,1,1,2,1,1,0,5,1,0,,,2
176,73,3,1,1,0,1,1,1,0,3,1,1,4,2,1,,,2
171,68,3,0,0,0,0,1,0,2,1,2,0,7,3,0,,,2
172,73,3,2,0,1,0,1,0,1,1,1,0,8,2,0,,,2
173,70,3,3,2,3,0,0,1,3,3,2,1,8,4,0,,,2
172,70,3,3,0,0,2,3,1,3,0,2,0,9,4,0,,,2
170,70,3,2,0,0,2,1,2,1,0,0,0,6,3,0,,,2
177,75,4,3,3,1,0,0,1,1,1,1,0,8,3,1,,,2
178,74,3,3,0,1,0,0,0,2,2,2,1,8,4,0,,,2
180,75,2,1,0,0,1,1,2,1,0,0,0,9,3,0,,,2
175,75,3,1,0,2,0,2,1,2,3,2,0,8,1,1,,,2
168,69,2,1,0,0,0,1,1,0,0,0,0,6,1,0,,,2
165,65,3,3,1,0,1,2,1,1,0,0,0,10,3,0,,,2
159,60,3,3,0,1,0,1,0,1,1,0,0,8,1,0,,,2
167,65,4,3,0,0,1,1,2,2,2,0,0,8,2,0,,,2
150,56,3,1,0,0,2,1,0,2,1,0,1,7,3,0,,,2
159,60,3,3,0,0,1,1,0,2,2,2,0,8,2,0,,,2
159,60,3,2,0,1,1,1,0,0,0,1,0,6,1,0,,,2
160,60,3,3,1,2,2,3,2,1,1,0,0,7,4,1,,,2
160,60,2,3,2,1,0,1,1,1,0,0,0,8,2,0,,,2
160,60,2,3,3,0,0,2,1,0,0,4,1,8,5,1,,,2
160,60,2,3,1,1,2,1,1,1,0,0,0,9,3,0,,,2
161,60,3,3,0,0,1,2,1,1,2,0,0,7,3,0,,,2
161,60,3,3,0,0,0,1,2,2,1,0,0,8,3,1,,,2
161,60,2,0,0,1,2,1,2,3,2,0,0,6,3,1,,,2
150,52,3,2,1,1,0,1,1,1,2,0,0,6,1,1,,,2
157,59,4,1,1,2,1,2,1,1,0,0,0,6,4,1,,,2
160,59,3,1,0,0,0,2,0,1,0,2,0,8,2,1,,,2
155,58,3,3,1,0,1,2,1,0,0,1,1,8,3,0,,,2
157,57,3,2,1,0,0,2,1,2,0,0,0,6,2,0,,,2
150,52,3,2,1,0,1,0,1,0,0,0,0,6,2,0,,,2
166,65,3,3,1,0,1,2,2,2,0,0,0,8,3,0,,,2
150,54,2,0,0,0,0,1,0,0,0,0,0,8,1,0,,,2
153,55,3,3,0,1,1,1,2,1,0,1,0,8,3,0,,,2
150,55,3,2,1,0,2,1,1,0,1,0,0,8,2,0,,,2
156,56,3,2,0,0,1,1,1,1,0,0,0,8,3,0,,,2
156,56,2,1,0,0,1,2,1,2,2,0,0,5,3,0,,,2
152,56,3,3,0,0,1,2,1,1,1,0,0,9,4,0,,,2
150,56,3,2,0,1,0,1,0,0,1,0,0,7,1,0,,,2
150,56,2,0,0,1,1,1,1,1,1,0,0,7,1,0,,,2
150,52,3,0,0,1,2,1,2,1,0,1,0,8,1,1,,,2
150,53,3,0,1,1,0,0,1,2,2,1,0,6,1,0,,,2
158,60,3,3,0,0,2,1,2,2,0,0,0,7,3,0,,,2
150,56,3,3,0,0,1,2,1,1,1,0,0,8,3,0,,,2
164,63,4,3,2,0,2,1,2,2,2,0,0,8,4,1,,,2
157,60,3,1,0,0,1,2,1,0,0,0,0,8,3,0,,,2
160,63,3,2,1,1,1,1,1,2,1,0,0,6,5,1,,,2
160,63,3,3,1,1,1,1,1,1,2,0,0,7,2,0,,,2
160,62,3,2,1,0,1,2,0,3,3,1,0,8,4,0,,,2
162,62,3,3,1,0,1,2,1,0,0,2,0,8,2,1,,,2
160,63,3,3,0,1,1,3,1,2,2,0,0,7,1,1,,,2
160,61,3,3,1,0,1,2,1,1,2,0,0,6,3,1,,,2
160,61,3,3,0,0,1,1,2,2,2,0,0,6,1,0,,,2
159,61,6,0,0,0,1,1,0,0,0,2,1,8,1,0,,,2
167,65,3,3,0,0,1,1,1,1,1,0,0,7,2,1,,,2
161,61,3,3,3,2,1,2,2,1,1,0,0,9,3,0,,,2
155,60,3,3,3,1,1,3,2,0,0,0,0,5,2,0,,,2
155,60,3,1,0,0,2,1,2,1,0,0,0,8,4,0,,,2
160,63,3,2,0,0,1,2,0,2,0,0,0,8,2,0,,,2
170,72,3,2,0,0,0,1,0,1,1,1,0,5,1,0,,,2
163,65,3,3,1,0,1,1,1,0,0,1,0,8,4,0,,,2
157,60,3,2,0,0,2,1,2,1,0,0,0,7,3,0,,,2
179,77,2,1,0,0,1,1,2,1,0,0,0,9,3,0,,,2
162,65,3,2,0,0,1,1,1,1,0,1,0,7,2,0,,,2
160,60,2,0,0,1,2,1,2,2,1,0,0,6,3,1,,,2
160,60,3,3,0,0,0,1,2,2,1,0,0,6,1,0,,,2
177,76,3,2,1,1,0,0,1,1,0,1,0,8,3,0,,,2
155,57,3,2,0,0,1,1,1,0,0,0,0,8,3,0,,,2
160,60,3,3,0,0,0,1,2,1,1,0,0,7,3,1,,,2
170,68,3,1,0,0,0,1,0,1,2,2,0,6,3,0,,,2
160,62,3,3,1,0,1,1,1,1,2,0,0,6,2,0,,,2
174,75,3,2,0,1,0,1,0,2,2,0,0,8,2,0,,,2
177,75,3,2,2,1,0,0,1,1,0,1,0,8,3,0,,,2
175,75,3,1,0,1,0,2,1,1,2,1,0,7,1,0,,,2
168,70,2,2,0,0,1,1,0,0,0,2,0,8,3,0,,,2
156,59,3,1,0,0,1,2,1,0,0,0,0,8,3,0,,,2
160,61,3,3,0,0,1,1,1,1,2,0,0,7,2,0,,,2
168,68,2,1,0,0,0,0,0,0,0,0,0,6,1,0,,,2
158,60,3,3,0,0,1,1,2,2,0,0,0,6,2,0,,,2
167,68,3,3,0,1,1,1,1,1,1,0,0,7,1,1,,,2
163,65,3,3,0,0,0,1,1,1,1,1,0,5,1,0,,,2
160,60,3,3,0,0,0,1,1,1,1,0,0,8,2,0,,,2
169,68,2,0,0,0,0,1,0,0,0,0,0,6,1,0,,,2
176,75,3,3,2,1,0,0,1,1,1,0,0,8,3,0,,,2
168,69,3,3,0,1,1,1,2,1,1,0,0,8,2,1,,,2
160,60,3,3,2,2,1,2,2,1,1,0,0,8,3,0,,,2
160,62,3,2,1,0,1,1,1,1,1,0,0,6,4,1,,,2
156,56,2,1,0,0,1,1,1,1,0,0,0,7,3,0,,,2
169,70,3,3,0,0,1,1,1,1,0,1,0,6,2,1,,,2
150,55,3,2,0,0,1,1,1,0,1,0,0,8,2,0,,,2
162,65,3,3,1,0,1,1,1,0,0,1,0,8,4,0,,,2
157,60,3,3,0,0,1,1,2,1,0,0,0,6,2,0,,,2
169,70,3,3,3,0,1,2,1,0,0,1,0,9,2,0,,,2
169,70,3,3,1,0,1,1,1,2,0,2,0,8,1,0,,,2
150,56,3,2,0,0,0,1,0,0,1,0,0,7,1,0,,,2
159,60,3,2,0,0,1,1,0,0,0,1,0,6,1,0,,,2
154,57,3,3,0,0,1,2,1,0,0,0,0,8,3,0,,,2
156,56,2,1,0,0,0,2,1,2,0,0,0,5,2,0,,,2
177,76,2,1,0,0,0,1,1,2,2,0,0,8,3,0,,,2
177,75,3,2,1,0,0,0,1,1,1,0,0,8,3,1,,,2
150,52,3,0,0,1,1,1,1,1,0,0,0,7,1,1,,,2
160,60,3,3,0,0,1,2,1,1,2,0,0,7,2,0,,,2
151,55,3,2,0,0,1,1,1,0,0,0,0,8,2,0,,,2
175,75,2,1,0,1,0,1,1,2,3,1,0,8,1,1,,,2
165,68,3,3,0,1,0,1,0,1,1,2,0,6,2,0,,,2
170,69,2,2,3,0,1,1,0,0,0,0,0,9,2,0,,,2
160,63,3,3,0,1,1,1,1,1,2,0,0,7,1,0,,,2
170,70,2,2,1,0,1,0,0,0,0,2,0,6,2,0,,,2
168,70,3,2,0,0,1,1,1,2,0,0,0,8,2,0,,,2
167,67,3,3,0,0,1,1,2,1,1,0,0,8,2,0,,,2
160,60,3,3,0,0,0,1,1,1,1,0,0,6,3,1,,,2
169,69,3,3,0,0,1,1,1,2,0,0,0,8,2,1,,,2
166,67,4,3,2,0,1,2,2,2,1,0,0,8,4,0,,,2
168,68,2,1,1,0,0,0,0,0,0,0,0,6,1,0,,,2
155,58,3,2,0,0,1,2,1,0,0,0,0,8,3,0,,,2
177,76,2,1,0,0,0,1,1,2,2,0,0,8,3,0,,,2
169,70,3,2,0,0,1,1,1,2,0,0,0,7,2,0,,,2
161,60,2,2,0,0,1,1,1,1,2,0,0,6,3,0,,,2
160,60,3,2,1,1,1,2,1,1,1,0,0,6,4,1,,,2
167,65,4,3,0,0,1,1,2,2,2,0,0,8,2,0,,,2
160,62,3,3,0,0,1,1,1,1,2,0,0,6,1,0,,,2
157,60,3,2,0,0,2,1,2,1,0,0,0,7,3,0,,,2
160,60,2,3,2,0,0,1,1,0,0,2,0,8,4,0,,,2
159,60,2,3,0,1,1,1,0,1,0,0,0,8,2,0,,,2
156,60,3,1,0,0,2,1,2,1,0,0,0,7,3,0,,,2
150,52,3,0,0,1,1,0,1,1,0,1,0,7,1,0,,,2
160,60,3,3,0,0,1,1,0,1,2,0,0,7,2,0,,,2
150,54,3,1,0,1,0,0,0,0,1,0,0,6,1,0,,,2
159,60,3,3,0,0,1,1,2,2,0,0,0,7,3,0,,,2
159,59,3,1,0,0,0,1,0,1,0,2,0,8,2,0,,,2
152,55,3,3,0,0,1,1,1,1,0,0,0,8,3,0,,,2
178,77,3,1,0,0,1,2,1,1,0,1,0,9,2,0,,,2
170,70,3,2,0,0,2,1,1,1,0,0,0,7,3,0,,,2
156,56,3,2,0,0,0,1,1,1,0,0,0,6,2,0,,,2
156,56,2,1,0,0,0,2,1,2,0,0,0,5,2,0,,,2
159,60,3,2,0,1,0,1,0,0,0,0,0,6,1,0,,,2
167,65,3,3,0,0,1,1,1,1,1,0,0,7,2,0,,,2
161,62,3,3,1,0,1,1,1,0,0,1,0,7,2,0,,,2
170,68,2,2,2,0,1,0,0,0,0,0,0,8,1,0,,,2
176,75,3,3,3,0,0,0,1,1,1,0,0,7,3,0,,,2
168,69,3,2,0,0,1,1,1,1,0,1,0,8,3,0,,,2
161,60,3,3,0,0,0,1,1,1,1,0,0,7,3,0,,,2
164,66,3,3,0,0,0,1,1,2,1,1,0,5,1,0,,,2
160,63,3,2,0,0,1,1,0,1,0,0,0,7,2,0,,,2
150,52,3,0,0,1,0,0,1,1,1,1,0,6,1,0,,,2
178,75,3,2,0,1,0,0,0,1,1,1,0,8,3,0,,,2
159,60,2,2,1,1,0,1,0,0,0,0,0,7,1,0,,,2
169,68,2,1,1,0,0,0,0,0,0,0,0,7,1,0,,,2
160,60,2,1,0,0,1,1,1,1,2,0,0,6,3,1,,,2
170,70,3,3,2,0,1,1,1,0,0,1,0,8,3,1,,,2
160,59,2,1,0,0,0,1,0,1,0,1,0,8,2,0,,,2
166,68,4,3,2,1,1,2,1,2,1,0,0,7,4,0,,,2
159,60,3,3,0,0,0,1,0,1,1,1,0,8,1,0,,,2
161,60,3,3,0,0,1,2,1,1,1,0,0,7,3,0,,,2
157,57,3,1,1,0,0,2,1,1,0,0,0,6,2,0,,,2
177,76,2,1,0,0,0,0,0,2,2,0,0,8,3,0,,,2
160,62,3,3,0,0,1,2,1,1,2,0,0,7,1,0,,,2
161,64,3,2,0,0,1,1,1,1,1,0,0,7,2,0,,,2
169,70,3,3,3,0,1,2,1,0,0,1,0,9,2,0,,,2
160,60,3,3,0,0,0,1,2,2,1,0,0,6,1,0,,,2
150,54,2,0,0,0,0,1,0,0,0,0,0,7,1,0,,,2
156,56,3,2,0,0,0,1,1,1,0,0,0,6,2,0,,,2
170,72,3,2,0,0,0,1,0,1,1,1,0,5,1,0,,,2
170,70,2,2,2,0,1,1,0,0,0,1,0,9,2,0,,,2
179,75,2,1,0,0,0,1,1,1,0,0,0,8,2,0,,,2
160,60,3,3,0,0,1,2,1,1,2,0,0,7,2,0,,,2
165,68,2,2,2,0,0,1,0,0,0,0,0,6,1,0,,,2
161,60,3,3,0,0,1,2,1,1,1,0,0,7,3,0,,,2
175,75,3,3,2,0,1,1,1,1,2,0,0,7,3,0,,,2
157,60,3,2,0,0,1,1,1,1,0,0,0,7,3,0,,,2
159,59,4,0,0,0,0,1,0,0,0,2,0,8,1,0,,,2
167,65,3,3,0,0,1,1,1,1,1,0,0,7,2,0,,,2
150,54,2,0,0,0,0,1,0,0,0,0,0,7,1,0,,,2
158,60,3,3,0,0,1,1,2,2,0,0,0,7,3,0,,,2
160,60,2,0,0,1,2,1,2,2,1,0,0,6,3,1,,,2
157,59,3,1,0,1,1,1,1,1,0,0,0,6,3,0,,,2
159,60,2,3,0,1,0,1,0,1,0,0,0,8,1,0,,,2
160,61,3,3,0,0,1,1,1,1,2,0,0,6,2,0,,,2
160,60,3,3,0,0,1,2,1,1,2,0,0,6,3,0,,,2
168,68,2,1,0,0,0,0,0,0,0,0,0,6,1,0,,,2
160,62,3,3,1,1,1,1,1,1,1,0,0,7,2,0,,,2
166,65,3,3,0,0,1,1,1,1,0,0,0,7,2,0,,,2
166,65,3,3,0,0,1,1,1,1,0,0,0,8,2,0,,,2
160,63,3,2,1,0,1,1,1,1,0,0,0,6,5,0,,,2
160,62,3,2,0,0,1,2,0,1,0,0,0,8,2,0,,,2
158,59,3,1,0,1,1,1,0,0,0,0,0,6,1,0,,,2
164,66,3,3,1,0,0,1,0,1,1,1,0,5,1,0,,,2
175,71,3,2,0,1,1,1,1,2,1,1,0,8,1,0,,,2
168,69,3,2,0,0,1,1,1,1,0,1,0,8,3,0,,,2
165,67,3,3,0,0,1,1,1,2,1,0,0,6,2,1,,,2
178,75,2,1,1,0,0,0,1,1,0,0,0,8,3,0,,,2
157,60,3,1,0,0,1,1,0,0,0,0,0,7,2,0,,,2
157,58,3,1,1,1,0,2,1,1,0,0,0,6,3,0,,,2
179,74,2,1,0,0,0,0,1,1,0,0,0,8,3,0,,,2
157,60,3,1,0,0,1,1,1,0,0,0,0,7,3,0,,,2
169,69,3,2,2,0,1,1,1,1,0,3,0,7,1,0,,,2
160,60,2,3,2,0,0,1,1,0,0,2,0,8,4,0,,,2
170,68,2,2,0,0,1,1,1,0,1,0,0,8,2,0,,,2
175,74,3,1,0,1,0,1,1,1,3,1,0,7,1,1,,,2
160,61,3,3,0,0,1,2,1,1,2,0,0,6,2,1,,,2
163,66,3,3,0,0,0,1,1,1,1,1,0,5,1,0,,,2
161,60,2,1,0,0,1,1,1,2,2,0,0,6,3,0,,,2
155,60,3,2,1,0,1,2,2,0,0,0,0,6,2,0,,,2
155,58,3,2,0,0,1,2,1,0,0,0,0,8,3,0,,,2
166,65,3,3,0,0,1,1,1,2,1,0,0,7,2,0,,,2
176,72,3,3,0,1,0,0,0,2,1,1,0,8,3,0,,,2
160,63,3,2,0,0,1,2,0,2,1,0,0,7,1,0,,,2
158,60,3,3,0,0,1,1,2,2,0,0,0,7,3,0,,,2
170,69,3,2,0,0,1,1,2,1,1,0,0,7,3,0,,,2
172,69,3,3,1,2,0,0,1,2,2,1,0,8,3,0,,,2
150,55,3,1,0,0,2,1,0,1,1,0,0,7,2,0,,,2
159,60,3,2,0,0,1,1,0,2,2,1,0,8,2,0,,,2
159,60,3,2,0,0,1,1,0,0,0,1,0,6,1,0,,,2
165,65,3,3,0,0,0,1,1,1,1,0,0,6,1,0,,,2
170,69,3,2,1,0,1,1,1,1,1,2,0,6,3,1,,,2
177,75,3,3,1,0,0,1,0,1,0,1,0,8,2,0,,,2
158,60,3,1,0,0,1,1,0,0,0,0,0,6,1,0,,,2
160,62,3,2,1,0,1,1,0,2,1,0,0,6,4,0,,,2
150,55,2,0,0,0,1,1,0,1,0,0,0,7,2,0,,,2
175,75,3,3,0,1,1,1,1,2,2,0,0,7,3,0,,,2
160,60,2,3,0,0,0,1,1,1,0,0,0,8,3,0,,,2
176,75,3,3,1,0,0,2,0,1,1,0,0,7,2,0,,,2
178,77,3,1,0,1,1,1,1,1,0,1,0,9,3,0,,,2
168,69,3,2,0,0,2,1,2,1,0,0,0,7,2,0,,,2
169,69,3,3,0,0,1,1,1,2,0,0,0,8,2,1,,,2
177,74,2,2,0,0,0,0,0,2,2,1,0,8,3,0,,,2
167,68,4,3,1,1,1,2,2,1,1,0,0,8,3,0,,,2
160,62,3,3,1,0,1,1,1,1,2,0,0,6,2,0,,,2
159,60,3,3,0,0,1,1,0,2,2,1,0,7,1,0,,,2
166,65,3,3,0,0,1,1,1,1,0,0,0,7,2,0,,,2
150,55,2,0,0,0,0,1,0,0,0,0,0,7,1,0,,,2
179,75,2,1,0,0,0,1,1,1,0,0,0,8,3,0,,,2
168,69,2,1,0,0,0,1,1,0,0,1,0,7,3,0,,,2
167,65,3,3,0,0,1,1,2,1,1,0,0,8,2,0,,,2
165,65,3,3,0,0,1,1,1,1,0,0,0,9,2,0,,,2
155,59,3,2,2,1,1,2,1,0,0,0,0,5,2,0,,,2
169,70,3,2,0,0,1,1,1,1,0,0,0,6,2,0,,,2
160,60,2,0,0,0,1,1,1,2,2,0,0,6,3,1,,,2
156,58,3,1,0,0,1,1,1,0,0,0,0,8,3,0,,,2
168,69,3,2,0,0,1,2,1,1,0,1,0,8,3,0,,,2
160,62,3,2,0,0,1,2,0,2,1,0,0,8,2,0,,,2
157,58,3,1,0,0,0,2,1,1,0,0,0,6,2,0,,,2
155,60,3,2,2,0,1,2,2,0,0,0,0,5,2,0,,,2
169,70,2,2,1,0,1,0,0,0,0,4,0,8,1,0,,,2
167,65,3,3,0,0,1,1,1,1,1,0,0,7,2,1,,,2
169,69,3,2,0,0,2,1,2,1,0,0,0,6,2,0,,,2
173,74,3,2,0,1,0,1,0,2,2,0,0,8,2,0,,,2
161,60,3,3,0,0,0,1,1,1,1,0,0,7,3,0,,,2
150,56,3,1,0,0,1,1,0,1,1,0,0,7,3,0,,,2
160,59,2,2,2,0,0,2,0,0,0,3,0,8,4,1,,,2
158,60,3,3,0,0,1,1,0,2,1,1,0,7,2,0,,,2
160,63,3,2,1,1,1,1,1,1,1,0,0,6,4,0,,,2
169,70,3,3,1,0,1,1,1,2,0,2,0,8,1,0,,,2
160,60,3,3,1,2,1,2,2,1,1,0,0,7,3,0,,,2
160,63,3,2,0,0,1,2,1,2,1,0,0,7,1,0,,,2
167,65,3,3,0,0,1,1,1,1,1,0,0,7,2,0,,,2
160,61,3,3,1,0,1,1,1,1,2,0,0,6,2,0,,,2
169,70,3,2,0,0,1,1,1,1,0,0,0,6,3,0,,,2
175,75,2,1,0,1,0,1,1,2,3,1,0,8,1,1,,,2
152,55,3,3,0,0,1,1,1,1,0,0,0,8,3,0,,,2
169,70,3,3,0,0,1,1,1,2,0,0,0,7,2,1,,,2
175,75,3,3,0,1,1,1,1,2,2,0,0,7,3,0,,,2
168,70,3,2,0,0,1,1,1,1,0,2,0,7,3,0,,,2
170,69,3,3,0,0,1,1,1,1,1,0,0,7,3,1,,,2
177,74,2,2,0,0,0,0,0,2,2,1,0,8,3,0,,,2
178,75,2,1,0,0,0,1,1,1,1,0,0,8,3,0,,,2
156,56,2,1,0,0,1,1,1,1,1,0,0,6,3,0,,,2
170,68,2,2,3,0,1,0,0,0,0,0,0,8,1,0,,,2
159,60,3,2,0,0,1,1,1,1,1,0,0,6,1,0,,,2
160,63,3,2,1,1,1,1,1,1,1,0,0,6,2,0,,,2
175,75,3,1,0,1,0,1,1,1,2,1,0,8,1,1,,,2
160,59,3,1,0,0,0,1,0,1,0,1,0,8,2,1,,,2
176,75,3,3,1,0,0,2,0,1,1,0,0,7,2,0,,,2
167,68,4,3,1,1,1,2,2,1,1,0,0,8,3,0,,,2
165,65,3,3,1,0,1,2,1,1,0,0,0,9,3,0,,,2
156,56,3,2,0,0,0,1,1,1,0,0,0,7,2,0,,,2
152,55,3,3,0,0,1,1,1,1,0,0,0,8,3,0,,,2
179,75,2,1,0,0,0,1,1,1,0,0,0,8,3,0,,,2
166,65,3,3,0,0,1,1,0,1,1,0,0,6,1,1,,,2
172,72,3,2,0,1,0,1,0,1,1,1,0,8,2,0,,,2
157,60,3,2,0,0,1,1,1,1,0,0,0,7,3,0,,,2
159,59,3,1,0,0,0,1,0,0,0,1,0,6,1,0,,,2
164,64,3,3,1,0,1,1,1,1,0,0,0,9,3,0,,,2
160,60,2,3,1,0,0,1,1,1,0,0,0,8,2,0,,,2
160,60,3,3,0,0,1,1,1,1,2,0,0,6,2,0,,,2
160,62,2,1,0,1,1,1,1,2,1,0,0,6,4,1,,,2
168,69,3,3,0,0,1,1,1,2,0,0,0,8,2,1,,,2
165,65,3,3,1,0,1,1,1,0,0,1,0,10,3,0,,,2
162,65,3,2,0,0,1,1,1,0,0,1,0,7,3,0,,,2
161,64,3,2,0,0,1,1,1,1,1,0,0,7,2,0,,,2
174,75,3,2,0,1,0,1,0,2,2,0,0,8,2,0,,,2
150,53,3,0,0,1,0,0,0,1,1,0,0,6,1,0,,,2
169,70,3,2,0,0,1,1,1,1,0,0,0,6,3,0,,,2
157,58,3,2,0,0,1,1,1,2,0,0,0,6,2,0,,,2
159,60,3,3,0,0,0,1,0,1,1,0,0,8,1,0,,,2
169,70,3,3,0,0,1,1,1,2,0,0,0,7,2,1,,,2
175,72,3,2,0,1,1,1,1,2,1,1,0,8,1,0,,,2
155,60,3,1,0,0,1,1,1,0,0,0,0,8,3,0,,,2
150,55,3,1,0,0,2,1,0,1,1,0,0,7,2,0,,,2
182,95,3,2,0,1,2,2,2,2,2,0,0,7,3,0,,,3
163,73,2,3,0,0,0,1,1,2,1,0,0,6,2,0,,,3
170,73,3,3,0,0,1,1,1,1,1,1,0,7,2,1,,,3
174,86,3,3,1,0,1,2,2,1,0,0,0,8,1,1,,,3
169,81,3,3,0,0,1,2,2,1,2,0,0,7,3,0,,,3
169,80,3,3,0,1,2,1,1,1,1,1,0,5,1,0,,,3
170,80,3,3,1,2,2,2,2,1,1,0,0,8,2,1,,,3
172,80,3,3,2,0,2,2,1,0,0,2,0,8,1,0,,,3
174,78,3,1,0,0,1,1,2,2,3,2,0,7,3,0,,,3
170,75,3,3,2,0,1,1,1,1,1,0,0,8,3,0,,,3
169,75,2,0,0,0,1,1,1,1,1,1,0,7,2,0,,,3
165,75,3,1,1,0,2,2,1,2,1,0,1,10,3,0,,,3
172,80,3,1,1,0,0,1,1,2,0,3,0,5,3,0,,,3
176,80,3,2,0,0,1,1,1,3,3,0,0,6,3,0,,,3
163,75,3,2,1,1,2,1,2,1,2,1,0,11,3,0,,,3
176,80,3,3,0,2,2,1,1,1,2,0,1,10,2,0,,,3
178,80,2,1,0,0,0,3,1,2,1,0,0,4,4,0,,,3
166,79,2,1,0,0,2,1,1,1,0,0,0,5,3,1,,,3
165,78,3,2,2,0,1,1,2,1,1,3,1,5,2,1,,,3
167,76,3,3,0,0,1,1,1,1,1,0,0,8,3,0,,,3
170,75,3,1,0,0,1,1,1,0,0,0,0,8,4,0,,,3
166,75,2,3,0,0,1,1,1,1,2,0,0,8,3,0,,,3
164,70,3,3,0,0,1,1,1,1,1,0,0,10,3,0,,,3
163,72,3,2,0,0,1,1,0,0,0,1,0,8,1,0,,,3
160,68,3,3,0,0,0,1,2,0,0,0,0,6,3,0,,,3
162,72,3,3,0,0,1,1,1,2,0,0,0,7,4,1,,,3
150,60,3,3,0,0,2,1,1,0,0,0,0,8,2,0,,,3
159,67,2,0,0,0,1,2,1,1,1,0,0,3,1,0,,,3
160,67,3,2,0,0,1,2,1,3,3,2,0,9,4,0,,,3
160,67,2,1,1,0,1,2,1,1,2,0,0,8,2,0,,,3
156,68,3,3,1,0,2,1,1,2,0,1,0,7,1,0,,,3
159,66,2,0,0,0,1,2,0,0,0,2,1,7,3,0,,,3
158,65,3,2,0,0,1,2,1,1,1,0,0,7,3,0,,,3
159,65,3,3,0,1,0,1,1,1,0,0,0,8,3,0,,,3
160,65,3,3,1,0,1,0,1,2,0,0,0,8,2,0,,,3
160,65,3,3,1,0,1,1,2,3,0,0,0,5,3,0,,,3
160,65,3,3,1,0,0,0,0,0,1,0,0,7,1,0,,,3
153,64,3,2,0,0,2,2,1,0,0,0,0,8,2,0,,,3
160,66,3,3,0,0,1,1,1,1,1,0,0,8,3,1,,,3
156,68,3,3,1,0,0,1,0,1,1,0,0,10,3,0,,,3
160,68,3,2,3,0,1,1,1,0,0,0,0,8,4,0,,,3
150,59,2,0,0,1,2,1,1,1,0,1,0,6,2,0,,,3
167,72,3,3,3,0,1,1,2,3,3,2,0,7,3,0,,,3
156,70,3,2,1,0,1,1,1,2,1,0,0,8,4,0,,,3
160,70,3,3,0,0,0,0,0,0,0,0,0,6,2,1,,,3
160,70,2,0,1,0,0,2,1,3,0,0,0,7,1,0,,,3
162,70,3,2,0,0,0,1,0,0,1,1,0,8,2,0,,,3
160,70,3,1,1,1,2,1,1,1,1,0,0,5,1,0,,,3
165,70,3,3,0,0,0,0,0,0,0,2,1,8,3,0,,,3
150,57,3,3,1,1,1,0,0,1,1,1,0,8,1,0,,,3
150,57,3,2,1,0,1,1,1,3,1,2,0,7,2,0,,,3
152,58,3,3,0,0,1,1,1,0,0,0,0,6,3,1,,,3
150,58,3,3,0,1,1,1,1,3,2,0,0,6,3,1,,,3
165,70,3,3,0,0,1,1,1,1,0,1,1,8,3,1,,,3
160,67,2,1,0,0,1,2,1,1,2,0,0,8,2,0,,,3
167,75,3,3,0,0,1,1,1,1,1,0,0,7,2,0,,,3
172,79,3,1,0,0,0,1,1,2,1,2,0,5,3,0,,,3
175,82,3,2,0,0,1,1,1,2,1,0,0,6,2,0,,,3
152,62,3,2,0,0,1,1,0,0,0,0,0,8,1,0,,,3
169,80,3,2,0,0,0,1,1,1,1,0,0,6,3,0,,,3
156,69,2,1,1,0,1,1,1,1,1,0,0,8,3,0,,,3
159,69,2,0,0,0,1,1,1,1,1,0,0,4,1,0,,,3
177,80,2,1,0,0,0,2,1,1,1,0,0,5,3,0,,,3
171,80,3,1,0,0,0,1,1,1,0,2,0,5,3,0,,,3
159,65,3,3,0,0,0,1,1,2,0,0,0,5,3,0,,,3
173,80,3,3,1,0,2,1,1,0,0,1,0,8,1,0,,,3
164,70,3,3,0,0,1,1,1,1,0,0,0,8,3,0,,,3
161,70,3,1,0,0,0,1,0,0,1,0,0,7,1,0,,,3
159,65,3,3,0,0,0,0,0,0,0,0,0,7,2,0,,,3
167,75,2,2,0,0,1,1,1,0,1,0,0,8,3,0,,,3
169,75,3,1,0,0,1,1,1,0,0,0,0,8,3,0,,,3
164,70,2,3,0,0,0,0,0,0,0,1,0,7,2,0,,,3
159,66,2,0,0,0,1,1,1,1,0,0,0,3,1,0,,,3
159,66,2,1,0,0,1,2,1,1,1,0,0,7,2,0,,,3
165,78,2,1,0,0,1,1,1,1,0,1,0,5,2,1,,,3
159,68,3,2,2,0,1,1,1,0,0,0,0,8,4,0,,,3
172,79,3,2,1,0,1,1,1,0,1,2,0,7,1,0,,,3
170,80,3,3,1,1,2,2,1,0,0,0,0,8,1,0,,,3
171,80,3,3,1,0,2,1,1,0,0,1,0,7,1,0,,,3
168,75,2,3,1,0,1,1,1,1,1,0,0,8,3,0,,,3
166,71,3,3,2,0,1,1,1,2,2,1,0,7,3,0,,,3
163,72,2,3,0,0,0,1,1,1,0,0,0,6,2,0,,,3
163,73,3,2,0,0,1,1,1,0,1,1,0,9,2,0,,,3
158,65,2,1,0,0,1,2,0,0,0,0,0,7,3,0,,,3
150,58,2,0,0,0,1,1,1,1,0,1,0,6,2,0,,,3
158,65,3,2,0,0,1,1,1,1,0,0,0,6,3,0,,,3
169,75,2,0,0,0,1,1,1,0,0,0,0,7,3,0,,,3
169,80,3,3,0,1,2,1,1,1,1,0,0,7,1,0,,,3
176,80,3,2,0,1,1,1,1,1,2,0,0,9,2,0,,,3
173,78,3,1,0,0,1,1,2,1,2,1,0,7,2,0,,,3
159,66,3,3,0,0,0,1,0,1,1,0,0,8,3,0,,,3
174,78,3,1,0,0,1,1,1,1,2,1,0,8,2,0,,,3
164,70,3,3,0,0,1,1,1,1,0,0,0,9,3,0,,,3
159,65,3,3,0,0,0,0,0,0,0,0,0,7,2,0,,,3
164,70,3,3,0,0,1,1,1,1,0,0,0,8,3,0,,,3
160,65,3,3,1,0,1,0,1,2,0,0,0,7,2,0,,,3
173,78,3,1,0,0,0,1,1,2,2,2,0,6,3,0,,,3
150,57,3,3,0,0,1,0,0,0,0,0,0,8,1,0,,,3
163,70,3,3,0,0,1,1,1,1,0,0,0,8,3,0,,,3
160,68,2,0,1,0,0,2,1,1,1,0,0,7,1,0,,,3
160,66,3,3,0,0,0,1,1,0,0,0,0,7,3,0,,,3
150,57,2,1,0,0,1,1,1,2,0,1,0,6,2,0,,,3
150,58,2,0,0,0,1,1,1,0,0,0,0,6,2,0,,,3
172,80,3,1,1,0,0,1,1,1,0,2,0,5,2,0,,,3
158,66,3,3,0,0,1,1,1,1,0,0,0,7,2,0,,,3
166,74,2,3,0,0,1,1,1,1,2,0,0,7,3,0,,,3
169,80,3,2,0,0,1,1,1,1,2,0,0,6,3,0,,,3
176,80,2,1,0,0,0,1,1,2,2,0,0,5,3,0,,,3
170,80,3,3,1,0,2,1,1,0,0,1,0,6,1,0,,,3
165,70,3,3,0,0,0,0,0,0,0,1,1,8,3,0,,,3
170,80,3,3,1,0,1,2,1,0,0,1,0,7,1,0,,,3
172,80,3,1,0,0,0,1,1,2,0,2,0,5,3,0,,,3
168,73,3,3,2,0,1,1,1,1,1,0,0,7,3,0,,,3
162,70,3,2,0,0,0,1,0,0,0,1,0,8,1,0,,,3
150,57,3,3,0,1,1,0,0,2,1,0,0,6,2,0,,,3
169,80,3,2,0,0,1,1,1,1,0,1,0,5,1,0,,,3
150,59,3,3,0,0,1,1,1,0,0,0,0,7,2,0,,,3
163,72,2,3,0,0,0,1,1,1,1,0,0,6,2,0,,,3
150,59,2,2,0,0,2,1,1,0,0,0,0,7,2,0,,,3
165,75,3,2,0,0,1,1,1,1,1,0,0,8,3,0,,,3
171,81,3,3,1,1,1,2,2,1,0,0,0,8,1,1,,,3
167,75,3,3,0,0,1,1,1,1,1,0,0,8,3,0,,,3
160,67,2,1,0,0,1,2,1,1,2,0,0,8,2,0,,,3
172,80,3,1,0,0,0,1,1,2,0,2,0,5,3,0,,,3
169,73,2,1,0,0,1,1,1,1,1,1,0,7,2,0,,,3
169,75,3,1,0,0,1,1,1,0,0,0,0,8,3,0,,,3
175,78,2,1,0,0,0,1,1,2,2,1,0,5,3,0,,,3
151,59,3,2,0,0,1,0,0,0,0,0,0,8,1,0,,,3
151,57,3,3,0,0,1,0,0,0,0,0,0,6,2,0,,,3
160,65,3,3,0,0,1,0,1,1,0,0,0,8,2,0,,,3
159,65,3,3,0,0,0,0,0,0,0,0,0,7,2,0,,,3
154,66,3,2,0,0,2,1,1,1,0,0,0,7,1,0,,,3
168,73,2,3,0,0,1,1,1,1,1,0,0,7,2,0,,,3
152,60,3,2,0,0,1,1,1,0,0,0,0,6,2,0,,,3
169,75,3,1,0,0,1,1,1,0,0,0,0,8,3,0,,,3
160,68,3,2,0,0,0,1,1,0,0,0,0,6,2,0,,,3
170,80,3,3,1,0,2,1,1,0,0,1,0,6,1,0,,,3
159,65,3,2,0,0,1,0,1,1,0,0,0,7,2,0,,,3
159,67,3,3,0,0,0,1,1,0,0,0,0,6,3,0,,,3
169,74,3,3,2,0,1,1,1,1,1,0,0,7,3,0,,,3
160,70,2,1,0,0,0,1,0,1,0,0,0,6,1,0,,,3
162,72,3,2,0,0,1,1,0,0,0,0,0,7,1,0,,,3
150,59,2,2,0,0,2,1,1,0,0,0,0,7,2,0,,,3
171,80,3,3,1,0,1,2,1,0,0,1,0,7,1,0,,,3
150,58,3,3,0,0,1,0,0,0,0,0,0,8,1,0,,,3
164,70,3,3,0,0,1,1,1,1,0,0,0,9,3,0,,,3
156,68,3,2,1,0,0,1,0,0,0,0,0,9,3,0,,,3
159,67,3,2,0,0,0,1,1,0,0,0,0,6,3,0,,,3
159,66,2,0,0,0,1,2,0,0,1,0,0,7,2,0,,,3
159,66,2,0,0,0,1,2,0,0,0,1,0,7,2,0,,,3
150,58,2,0,0,1,1,0,0,1,0,1,0,6,1,0,,,3
165,70,3,3,0,0,1,1,1,1,0,1,0,7,3,0,,,3
166,79,2,1,0,0,1,1,1,1,0,0,0,5,3,0,,,3
177,90,3,2,0,0,1,2,2,1,0,0,0,7,1,0,,,3
168,75,2,1,0,0,1,1,1,1,1,0,0,7,2,0,,,3
160,68,3,2,1,0,0,1,0,0,0,0,0,8,3,0,,,3
172,80,3,3,1,0,2,1,1,0,0,1,0,8,1,0,,,3
162,71,3,3,0,0,0,0,0,1,0,0,0,7,3,0,,,3
169,75,2,1,1,0,1,1,1,1,1,0,0,7,2,0,,,3
171,80,3,1,0,0,0,1,1,1,0,2,0,5,3,0,,,3
165,77,3,2,1,0,1,1,1,1,1,2,0,5,2,0,,,3
175,79,3,2,0,1,1,1,1,1,2,0,0,9,2,0,,,3
159,65,3,3,0,0,0,0,0,0,0,0,0,7,1,0,,,3
163,70,3,2,0,0,1,1,0,0,0,0,0,9,2,0,,,3
150,58,2,0,0,1,1,1,1,1,0,0,0,6,2,0,,,3
160,65,3,3,1,0,1,0,1,2,0,0,0,7,2,0,,,3
159,65,3,2,0,0,0,0,0,0,1,0,0,7,1,0,,,3
156,67,3,3,0,0,0,1,0,1,1,0,0,9,3,0,,,3
154,65,3,2,0,0,2,1,1,0,0,0,0,7,1,0,,,3
173,78,3,1,0,0,0,1,1,2,2,2,0,6,3,0,,,3
150,57,3,3,0,1,1,0,0,1,1,0,0,7,1,0,,,3
172,79,3,2,1,0,1,1,1,0,0,2,0,7,1,0,,,3
175,79,3,1,0,0,1,1,1,2,3,0,0,6,3,0,,,3
165,77,3,2,1,0,1,1,1,1,1,2,0,5,2,0,,,3
177,80,2,1,0,0,0,2,1,1,1,0,0,4,3,0,,,3
165,70,3,3,0,0,0,0,0,0,0,1,1,8,3,0,,,3
160,70,2,0,0,0,0,1,0,1,0,0,0,7,1,0,,,3
168,75,2,3,1,0,1,1,1,1,1,0,0,8,3,0,,,3
172,84,3,3,0,0,1,2,2,1,0,0,0,7,1,0,,,3
156,68,3,2,1,0,0,1,0,1,1,0,0,9,3,0,,,3
159,65,2,0,0,0,0,1,0,0,0,1,0,7,2,0,,,3
159,65,3,2,0,0,1,1,1,2,0,0,0,5,3,0,,,3
173,78,3,1,0,0,1,1,1,1,2,2,0,7,2,0,,,3
175,78,2,1,0,0,0,1,1,2,2,1,0,6,3,0,,,3
164,74,2,3,0,0,0,1,1,1,1,0,0,7,2,0,,,3
166,77,2,1,0,0,1,1,1,1,0,0,0,5,3,0,,,3
166,75,3,2,0,0,1,1,1,1,1,0,0,8,3,0,,,3
163,73,3,2,0,0,1,1,1,0,1,1,0,9,2,0,,,3
163,72,2,2,0,0,0,1,0,1,0,0,0,6,1,0,,,3
164,72,2,3,1,0,0,1,1,2,1,0,0,6,2,0,,,3
158,65,3,2,0,0,1,1,1,1,0,0,0,6,3,0,,,3
150,58,2,0,0,1,1,1,1,1,0,0,0,6,2,0,,,3
169,75,2,2,1,0,1,1,1,1,1,0,0,7,2,0,,,3
163,71,3,2,0,0,1,1,0,0,0,0,0,8,1,0,,,3
160,65,3,3,1,0,1,0,1,2,0,0,0,5,2,0,,,3
170,74,3,1,0,0,1,1,1,0,0,0,0,7,3,0,,,3
160,67,3,3,0,0,0,1,1,0,0,0,0,6,3,0,,,3
151,58,3,3,0,0,1,1,1,0,0,0,0,6,3,1,,,3
164,70,3,2,0,0,0,0,0,0,0,1,0,8,2,0,,,3
150,57,2,2,0,1,1,0,0,1,0,1,0,7,1,0,,,3
175,79,3,1,0,0,1,1,1,2,3,0,0,6,3,0,,,3
169,80,3,3,0,0,1,2,2,1,1,0,0,7,2,0,,,3
174,84,3,2,0,0,1,1,1,1,0,0,0,7,1,0,,,3
172,84,3,3,1,0,1,2,2,1,0,0,0,8,1,1,,,3
177,80,2,1,0,0,0,2,1,1,1,0,0,5,3,0,,,3
171,80,3,3,1,0,1,2,1,0,0,1,0,7,1,0,,,3
163,72,2,3,0,0,0,0,0,1,0,0,0,6,2,0,,,3
162,71,2,2,0,0,0,1,0,1,1,0,0,6,2,0,,,3
161,69,3,2,0,0,0,1,0,0,0,0,0,7,2,0,,,3
160,66,3,2,0,0,1,1,1,0,0,0,0,8,3,0,,,3
169,80,3,3,0,1,1,2,2,1,1,0,0,7,2,0,,,3
150,57,3,3,0,1,1,0,0,2,1,0,0,6,2,0,,,3
170,81,3,3,1,1,1,2,2,1,0,0,0,8,1,1,,,3
157,66,3,3,0,0,1,1,1,1,0,0,0,7,1,0,,,3
160,65,3,3,1,0,0,0,0,1,0,0,0,7,1,0,,,3
173,78,3,1,0,0,0,1,1,2,2,2,0,6,3,0,,,3
173,78,3,1,0,0,1,1,1,1,2,2,0,7,2,0,,,3
169,75,3,3,1,0,1,1,1,1,1,0,0,8,3,0,,,3
159,66,2,1,0,0,1,2,1,1,1,0,0,7,2,0,,,3
176,80,2,1,0,0,0,1,1,2,2,0,0,5,3,0,,,3
162,70,3,2,0,0,0,1,0,0,1,0,0,8,2,0,,,3
157,69,3,2,0,0,0,1,1,1,0,0,0,7,3,0,,,3
162,70,3,2,0,0,0,1,0,0,1,0,0,8,2,0,,,3
160,65,3,3,1,0,1,0,1,2,0,0,0,5,2,0,,,3
163,71,3,2,0,0,1,1,0,0,0,1,0,8,1,0,,,3
160,66,2,1,1,0,0,1,0,0,1,0,0,7,1,0,,,3
165,78,3,2,1,0,1,1,2,1,1,2,0,5,2,0,,,3
172,80,3,2,1,0,1,1,1,0,0,2,0,7,1,0,,,3
173,82,3,1,0,0,0,1,1,2,0,2,0,5,3,0,,,3
158,65,3,2,0,0,1,1,1,1,0,0,0,6,3,0,,,3
150,57,3,3,0,0,1,0,0,0,0,0,0,7,1,0,,,3
165,70,3,3,0,0,0,0,0,0,0,1,1,8,3,0,,,3
176,81,2,1,0,0,0,2,1,1,0,0,0,5,3,0,,,3
162,72,3,2,0,0,1,1,0,1,0,0,0,7,3,0,,,3
168,75,3,1,0,0,1,1,1,0,0,0,0,8,3,0,,,3
169,80,3,3,0,0,1,2,2,1,1,0,0,7,2,0,,,3
162,72,3,2,0,0,1,1,0,0,0,0,0,7,1,0,,,3
159,65,3,3,0,0,0,1,1,2,0,0,0,5,3,0,,,3
160,69,2,1,0,0,0,1,1,1,0,0,0,6,1,0,,,3
162,70,3,2,0,0,0,1,0,0,1,0,0,8,2,0,,,3
172,80,3,3,0,2,2,1,1,1,1,0,0,8,2,0,,,3
160,70,2,0,1,0,1,1,1,1,0,0,0,5,1,0,,,3
167,75,2,1,0,0,1,1,1,1,1,0,0,7,2,0,,,3
163,73,3,2,0,0,1,1,1,1,1,0,0,10,3,0,,,3
164,70,3,3,0,0,0,0,0,0,0,0,0,9,3,0,,,3
164,71,3,2,0,0,1,1,1,1,1,0,0,10,3,0,,,3
176,80,2,1,0,0,0,1,1,2,2,0,0,5,3,0,,,3
173,80,3,2,1,0,1,1,1,1,1,1,0,7,1,0,,,3
177,80,2,1,0,0,0,2,1,2,1,0,0,4,3,0,,,3
159,65,3,2,0,0,1,0,1,1,0,0,0,7,2,0,,,3
156,69,3,2,0,0,1,1,1,1,1,0,0,7,3,0,,,3
169,72,3,3,0,0,1,1,1,1,1,1,0,7,2,0,,,3
157,67,3,3,0,0,1,1,1,1,0,0,0,7,1,0,,,3
160,67,2,1,2,0,1,1,1,0,0,0,0,8,3,0,,,3
167,80,2,2,0,0,1,1,1,1,1,0,0,6,3,0,,,3
159,67,2,1,0,0,0,1,1,0,0,0,0,4,1,0,,,3
160,67,3,3,0,0,0,1,1,0,0,0,0,6,3,0,,,3
169,75,2,1,0,0,1,1,1,1,1,0,0,7,2,0,,,3
166,76,2,2,0,0,1,1,1,1,0,0,0,7,3,0,,,3
158,65,3,2,0,0,1,1,1,1,0,0,0,6,3,0,,,3
172,81,3,2,1,0,2,2,1,0,0,1,0,7,1,0,,,3
151,57,3,2,0,0,1,1,1,1,0,0,0,6,2,0,,,3
166,74,2,3,0,0,1,1,1,1,2,0,0,7,3,0,,,3
170,73,3,2,0,0,1,1,1,0,0,0,0,7,2,0,,,3
166,71,3,3,2,0,1,1,1,2,2,1,0,7,3,0,,,3
165,75,2,2,0,0,1,1,1,1,1,0,0,7,2,0,,,3
167,76,3,3,0,0,1,1,1,1,1,0,0,8,2,0,,,3
159,66,2,0,0,0,0,1,0,0,0,1,0,6,3,0,,,3
165,75,2,2,0,0,1,1,1,1,2,0,0,8,3,0,,,3
164,72,2,3,1,0,0,1,1,2,1,0,0,6,2,0,,,3
150,57,3,2,0,0,1,1,1,3,1,0,0,6,2,0,,,3
150,59,3,3,0,0,1,1,1,0,0,0,0,7,2,0,,,3
164,70,3,2,0,0,0,0,0,0,0,1,0,8,2,0,,,3
159,67,2,1,0,0,0,1,1,0,0,0,0,4,2,0,,,3
160,65,3,3,1,0,1,0,1,2,0,0,0,6,2,0,,,3
172,80,3,3,1,0,2,1,1,0,0,1,0,8,1,0,,,3
174,78,3,1,0,0,1,1,1,1,2,1,0,8,2,0,,,3
160,66,3,2,1,0,1,0,1,1,0,0,0,8,2,0,,,3
171,80,3,1,0,0,0,1,1,1,0,2,0,5,2,0,,,3
160,70,2,0,1,0,0,1,1,2,0,0,0,6,1,0,,,3
157,65,3,2,0,0,0,1,0,1,1,0,0,7,3,0,,,3
170,80,3,3,0,0,2,1,1,0,0,1,0,6,1,0,,,3
169,75,2,0,0,0,1,1,1,1,1,0,0,7,2,0,,,3
154,66,3,2,0,0,2,1,1,1,0,0,0,7,1,0,,,3
165,75,2,2,0,0,1,1,1,1,1,0,0,8,3,0,,,3
171,82,3,3,1,1,1,2,2,1,0,0,0,8,1,1,,,3
156,68,3,3,1,0,1,1,0,1,0,0,0,8,1,0,,,3
174,80,3,2,0,0,1,1,1,1,1,0,0,6,2,0,,,3
164,74,2,3,0,0,0,1,1,1,1,0,0,7,2,0,,,3
162,72,2,3,0,0,0,0,0,1,0,0,0,6,2,0,,,3
160,70,3,1,0,0,1,0,0,0,0,0,0,5,1,0,,,3
158,65,2,0,0,0,1,2,0,0,0,1,0,7,3,0,,,3
169,75,3,3,1,0,1,1,1,1,1,0,0,8,3,0,,,3
150,59,3,3,0,0,1,1,1,0,0,0,0,7,2,0,,,3
160,69,3,3,0,0,0,0,0,0,0,0,0,6,2,0,,,3
156,69,3,2,1,0,1,1,1,1,0,0,0,8,4,0,,,3
150,57,3,2,0,0,1,1,1,1,0,1,0,6,2,0,,,3
159,66,2,1,0,0,1,1,0,0,0,1,0,7,3,0,,,3
172,80,2,1,0,0,0,1,1,2,0,2,0,4,3,0,,,3
163,70,3,2,0,0,0,0,0,0,0,1,0,8,2,0,,,3
168,80,2,2,0,0,1,1,1,1,1,0,0,6,3,0,,,3
161,70,3,1,0,0,0,1,0,0,1,0,0,6,1,0,,,3
172,80,3,1,0,0,0,1,1,2,0,2,0,5,3,0,,,3
160,65,3,3,0,0,0,0,0,0,1,0,0,7,1,0,,,3
159,65,3,3,0,0,0,0,0,0,0,0,0,7,1,0,,,3
159,66,2,0,0,0,1,2,0,0,1,0,0,7,2,0,,,3
163,73,2,3,0,0,0,1,1,1,1,0,0,6,2,0,,,3
160,69,3,3,0,0,0,0,0,0,0,0,0,6,2,0,,,3
160,65,3,3,0,0,1,0,1,1,0,0,0,8,2,0,,,3
176,80,2,2,0,1,1,1,1,1,1,0,0,7,2,0,,,3
161,69,3,2,1,0,0,1,0,0,0,0,0,8,2,0,,,3
160,66,2,1,0,0,1,1,1,1,1,0,0,8,2,0,,,3
163,71,3,2,0,0,0,0,0,0,0,1,0,8,1,0,,,3
160,65,3,3,1,0,1,0,1,2,0,0,0,6,2,0,,,3
150,57,3,2,0,0,1,1,1,2,0,1,0,6,2,0,,,3
151,61,3,2,0,0,1,1,1,1,0,0,0,7,2,0,,,3
162,72,2,3,0,0,0,1,1,2,0,0,0,6,2,0,,,3
172,80,2,1,0,0,0,1,1,2,0,2,0,4,3,0,,,3
177,80,2,1,0,0,0,2,1,1,1,0,0,4,3,0,,,3
173,78,3,1,0,0,0,1,1,2,1,2,0,6,3,0,,,3
159,69,2,0,0,0,1,1,1,1,1,0,0,4,1,0,,,3
165,75,3,1,0,0,1,1,1,1,1,0,0,9,3,0,,,3
159,66,2,0,0,0,1,2,0,0,0,1,0,7,2,0,,,3
160,67,3,3,0,0,0,0,0,0,0,0,0,7,2,1,,,3
173,95,3,3,1,0,2,3,2,2,2,4,0,7,3,1,,,4
163,80,3,3,0,0,1,1,2,3,2,1,0,8,1,1,,,4
156,80,3,3,0,0,1,3,0,1,0,1,0,7,1,1,,,4
155,80,4,3,3,3,0,1,1,1,0,0,0,12,1,1,,,4
130,56,3,3,1,0,1,0,2,0,0,0,0,7,1,0,,,4
167,87,3,2,0,0,1,1,1,1,1,0,0,6,2,0,,,4
168,90,3,3,0,0,2,2,2,3,3,0,0,6,1,0,,,4
167,90,3,3,0,0,2,1,1,1,1,0,0,6,1,0,,,4
173,93,2,2,0,0,2,3,1,2,2,1,0,6,3,0,,,4
168,98,4,3,0,1,1,1,1,1,1,0,0,9,2,0,,,4
168,94,3,3,0,0,1,1,1,1,1,0,0,7,1,0,,,4
161,85,3,3,0,0,1,1,0,1,0,0,0,6,1,0,,,4
167,90,3,3,0,0,1,1,1,1,1,0,0,6,1,0,,,4
161,80,3,3,0,0,0,1,1,2,1,0,0,8,1,1,,,4
160,84,3,3,1,1,0,1,1,1,1,0,0,9,1,0,,,4
167,87,3,2,0,0,1,1,1,1,1,0,0,6,1,0,,,4
155,80,3,3,0,0,0,2,0,1,0,0,0,8,1,1,,,4
170,90,2,2,0,0,1,2,1,2,2,1,0,6,2,0,,,4
168,94,3,3,0,0,1,1,1,1,1,0,0,7,1,0,,,4
166,86,3,2,0,0,1,1,1,1,1,0,0,6,1,0,,,4
168,89,3,2,0,0,1,1,1,1,1,1,0,6,2,0,,,4
170,91,2,2,0,0,2,2,1,2,2,0,0,6,2,0,,,4
167,89,3,2,0,0,1,1,1,2,2,0,0,6,1,0,,,4
171,91,2,2,0,0,1,2,1,2,2,1,0,6,2,0,,,4
159,84,3,3,1,1,0,1,1,1,0,0,0,9,1,0,,,4
163,81,3,3,0,0,1,1,1,2,1,0,0,7,1,0,,,4
167,88,3,2,0,0,1,1,1,1,1,0,0,6,1,0,,,4
153,73,3,3,0,0,1,0,2,2,1,0,0,7,1,0,,,4
155,80,3,2,2,2,0,1,1,1,0,0,0,11,1,0,,,4
172,92,2,2,0,0,1,2,1,1,1,0,0,6,2,0,,,4
167,87,3,2,0,0,1,1,1,1,1,0,0,6,1,0,,,4
168,90,3,3,0,0,2,2,2,2,2,0,0,6,1,0,,,4
169,91,3,3,0,0,2,1,1,1,1,1,0,6,1,0,,,4
169,90,2,2,0,0,2,2,1,2,2,0,0,6,1,0,,,4
171,93,3,2,0,0,1,2,1,1,1,3,0,6,2,0,,,4
167,90,3,3,0,0,2,1,1,1,1,0,0,6,1,0,,,4
167,87,3,2,0,0,1,1,1,1,1,0,0,6,1,0,,,4
170,95,3,2,0,0,1,1,1,1,1,0,0,7,2,0,,,4
172,94,3,3,0,0,2,2,2,2,2,3,0,6,2,0,,,4
171,92,2,2,0,0,2,2,1,2,2,0,0,6,2,0,,,4
167,90,3,3,0,0,2,1,1,2,2,0,0,6,1,0,,,4
170,90,2,2,0,0,1,2,1,1,1,0,0,6,2,0,,,4
167,95,3,2,0,0,1,1,1,1,1,0,0,8,2,0,,,4
172,94,3,3,0,0,2,2,1,1,1,3,0,6,2,0,,,4
168,88,3,3,0,0,1,2,2,2,2,2,0,7,2,1,,,4
144,69,3,3,2,1,0,0,1,0,0,0,0,9,1,0,,,4
167,87,3,2,0,0,1,1,1,1,1,0,0,6,2,0,,,4
171,93,3,3,0,0,2,2,1,1,1,2,0,6,2,0,,,4
157,80,3,3,0,0,1,2,0,1,0,1,0,7,1,1,,,4
167,89,3,2,0,0,1,1,1,2,2,0,0,6,1,0,,,4
162,80,3,3,0,0,0,1,1,2,1,0,0,8,1,1,,,4
168,91,3,3,0,0,1,1,1,2,2,0,0,6,1,0,,,4
167,87,3,2,0,0,1,1,1,1,1,0,0,6,1,0,,,4
171,93,3,3,0,0,2,2,2,2,2,2,0,6,2,0,,,4
158,82,3,3,0,0,1,2,0,1,0,0,0,6,1,0,,,4
167,87,2,2,0,0,1,1,1,1,1,0,0,6,2,0,,,4
171,93,3,3,0,0,2,2,1,1,1,3,0,6,2,0,,,4
155,80,3,3,1,1,0,2,0,1,0,0,0,8,1,1,,,4
169,91,2,2,0,0,2,1,1,1,1,0,0,6,1,0,,,4
168,88,3,2,0,0,1,1,1,1,1,0,0,6,2,0,,,4
157,75,3,3,0,0,1,0,2,2,1,0,0,7,1,0,,,4
158,82,3,3,0,0,1,2,0,1,0,0,0,6,1,0,,,4
169,90,2,2,0,0,2,2,1,2,2,0,0,6,1,0,,,4
172,94,3,3,0,0,2,2,2,2,2,3,0,6,2,0,,,4
167,90,3,3,0,0,2,1,1,1,1,0,0,6,1,0,,,4
162,80,3,3,0,0,0,1,1,2,1,0,0,8,1,1,,,4
170,91,2,2,0,0,2,2,1,1,1,0,0,6,2,0,,,4
167,91,3,3,0,0,1,1,1,1,1,0,0,6,1,0,,,4
167,88,3,2,0,0,1,1,1,1,1,0,0,6,2,0,,,4
163,87,3,3,0,0,1,1,0,1,0,0,0,6,1,0,,,4
164,82,3,3,0,0,1,1,2,3,2,0,0,7,1,0,,,4
167,96,3,3,0,0,1,1,1,1,1,0,0,8,1,0,,,4
160,80,3,3,0,0,0,1,1,2,1,0,0,9,1,1,,,4
169,96,3,2,0,0,1,1,1,1,1,0,0,8,2,0,,,4
166,88,2,2,0,0,1,3,0,1,1,1,0,6,2,0,,,4
160,84,3,3,1,1,0,1,1,1,1,0,0,9,1,0,,,4
167,90,3,3,0,0,1,1,1,1,1,0,0,6,1,0,,,4
167,90,3,2,0,0,1,1,1,1,1,0,0,7,2,0,,,4
169,87,2,2,0,0,1,2,1,2,2,1,0,6,2,0,,,4
166,88,3,3,0,0,1,1,1,1,1,0,0,6,1,0,,,4
168,94,3,3,0,0,1,1,1,1,1,0,0,7,1,0,,,4
167,88,3,3,0,0,1,1,2,3,2,0,0,6,1,0,,,4
171,93,3,3,0,0,2,2,1,1,1,3,0,6,2,0,,,4
145,67,3,3,0,0,1,0,2,1,0,0,0,7,1,0,,,4
157,80,3,3,2,2,0,1,1,1,0,0,0,10,1,1,,,4
164,82,3,2,0,0,1,1,1,2,1,0,0,7,1,0,,,4
167,87,3,2,0,0,1,1,1,1,1,0,0,6,1,0,,,4
166,85,3,2,0,0,1,1,1,1,1,0,0,6,1,0,,,4
156,74,3,3,0,0,1,0,2,2,1,0,0,7,1,0,,,4
168,90,2,2,0,0,2,1,1,1,1,0,0,6,1,0,,,4
162,80,3,3,0,0,0,1,1,2,1,0,0,8,1,1,,,4
155,80,3,3,2,2,0,1,0,1,0,0,0,11,1,1,,,4
165,84,3,3,0,0,1,1,2,3,2,0,0,7,1,0,,,4
168,91,3,3,0,0,1,1,1,2,2,0,0,6,1,0,,,4
170,91,3,2,0,0,1,2,1,1,1,2,0,6,2,0,,,4
164,82,3,3,0,0,1,1,1,2,1,0,0,7,1,0,,,4
168,97,3,3,0,0,1,1,1,1,1,0,0,8,2,0,,,4
167,89,3,2,0,0,1,1,1,2,2,0,0,6,1,0,,,4
161,80,3,3,0,0,1,1,1,2,1,1,0,7,1,1,,,4
160,84,3,3,1,1,0,1,1,1,1,0,0,9,1,0,,,4
158,80,3,3,0,0,1,2,0,1,0,1,0,7,1,1,,,4
155,80,3,3,2,2,0,1,1,1,0,0,0,11,1,1,,,4
167,92,3,3,0,0,1,1,1,1,1,0,0,6,1,0,,,4
155,80,3,3,2,2,0,1,0,1,0,0,0,11,1,1,,,4
172,95,3,3,0,0,1,2,1,1,1,3,0,7,2,0,,,4
168,89,3,2,0,0,1,1,1,1,1,1,0,6,2,0,,,4
168,97,3,3,0,0,1,1,1,1,1,0,0,8,1,0,,,4
172,92,2,2,0,0,1,3,0,1,1,1,0,6,2,0,,,4
158,80,3,3,0,0,1,2,0,1,0,1,0,7,1,1,,,4
168,94,3,3,0,0,1,1,1,1,1,0,0,7,1,0,,,4
167,89,3,2,0,0,1,1,1,2,2,0,0,6,1,0,,,4
170,90,2,2,0,0,1,2,1,1,1,0,0,6,2,0,,,4
155,80,3,3,2,2,0,1,0,1,0,0,0,11,1,1,,,4
161,83,3,2,1,1,0,1,1,1,0,0,0,8,1,0,,,4
150,70,3,3,0,0,1,0,2,1,1,0,0,7,1,0,,,4
165,94,4,3,0,1,0,1,1,1,0,0,0,9,1,0,,,4
159,83,3,3,2,2,0,1,1,1,0,0,0,10,1,0,,,4
167,87,3,2,0,0,1,1,1,1,1,0,0,6,1,0,,,4
167,87,2,2,0,0,1,1,1,1,1,0,0,6,2,0,,,4
167,87,3,2,0,0,1,1,1,1,1,0,0,6,1,0,,,4
166,86,3,3,0,0,1,1,2,3,2,0,0,6,1,0,,,4
157,80,3,3,2,2,0,1,1,1,0,0,0,10,1,1,,,4
158,77,3,3,0,0,1,0,2,2,1,0,0,7,1,0,,,4
167,97,3,2,0,0,1,1,1,1,1,0,0,8,2,0,,,4
161,82,3,2,0,0,1,0,1,0,0,0,0,6,1,0,,,4
164,82,3,2,0,0,1,1,1,2,1,0,0,7,1,0,,,4
156,80,3,3,0,0,1,2,0,1,0,0,0,6,1,0,,,4
166,84,2,2,0,0,1,1,1,2,2,1,0,7,1,0,,,4
169,96,3,2,0,0,1,1,1,1,1,0,0,7,2,0,,,4
167,95,3,3,0,0,1,1,1,1,1,0,0,8,1,0,,,4
165,88,3,3,0,0,1,1,1,1,0,0,0,6,1,0,,,4
167,87,3,2,0,0,1,1,1,1,1,0,0,6,1,0,,,4
150,73,3,3,0,0,1,1,2,1,1,0,0,6,1,0,,,4
161,84,3,3,0,0,1,2,0,1,1,0,0,6,1,0,,,4
168,93,3,3,0,0,1,1,1,2,2,0,0,7,1,0,,,4
161,80,3,3,0,0,1,1,1,2,1,1,0,7,1,1,,,4
165,84,3,3,0,0,1,1,2,3,2,0,0,7,1,0,,,4
167,88,3,2,0,0,1,1,1,2,2,0,0,6,1,0,,,4
167,97,3,3,0,0,1,1,1,1,1,0,0,8,1,0,,,4
171,91,2,2,0,0,1,3,0,1,1,1,0,6,2,0,,,4
156,80,3,3,0,0,1,2,0,1,0,0,0,6,1,0,,,4
167,88,3,2,0,0,1,1,1,1,1,0,0,6,1,0,,,4
156,80,3,3,0,0,1,2,0,1,0,1,0,7,1,1,,,4
136,60,3,3,0,0,1,0,2,0,0,0,0,7,1,0,,,4
172,94,3,3,0,0,2,2,2,2,2,3,0,6,2,0,,,4
167,88,3,2,0,0,1,1,1,1,1,0,0,6,1,0,,,4
164,82,3,3,0,0,1,1,1,2,1,0,0,7,1,0,,,4
156,80,3,2,2,2,0,1,1,1,0,0,0,11,1,0,,,4
171,94,2,2,0,0,1,2,1,1,1,0,0,6,2,0,,,4
166,88,3,3,0,0,1,1,1,2,2,0,0,6,1,0,,,4
163,81,3,3,0,0,1,1,1,2,1,0,0,8,1,0,,,4
171,92,2,2,0,0,2,2,1,2,2,0,0,6,2,0,,,4
167,90,3,3,0,0,2,1,1,1,1,0,0,6,1,0,,,4
167,90,3,2,0,0,1,1,1,1,1,0,0,6,2,0,,,4
148,71,3,2,0,0,1,0,1,0,0,0,0,6,1,0,,,4
173,94,2,2,0,0,2,3,1,2,2,2,0,6,3,0,,,4
168,92,3,3,0,0,1,1,1,2,2,0,0,7,1,0,,,4
167,87,3,2,0,0,1,1,1,1,1,0,0,6,2,0,,,4
166,83,2,2,0,0,1,1,1,2,2,1,0,7,1,0,,,4
149,74,3,3,0,0,1,0,1,0,0,0,0,6,1,0,,,4
167,90,3,3,0,0,2,1,1,2,2,0,0,6,1,0,,,4
165,83,2,2,0,0,1,1,1,2,2,1,0,7,1,0,,,4
172,94,3,3,0,0,2,2,1,1,1,3,0,6,2,0,,,4
169,91,2,2,0,0,2,1,1,1,1,0,0,6,1,0,,,4
164,83,3,3,0,0,1,1,1,2,1,0,0,7,1,0,,,4
163,80,3,2,0,0,1,1,1,2,1,0,0,7,1,0,,,4
171,92,2,2,0,0,2,2,1,2,2,0,0,6,2,0,,,4
168,95,3,3,0,0,1,1,1,1,1,0,0,8,1,0,,,4
155,80,3,3,2,2,0,1,0,1,0,0,0,11,1,1,,,4
171,96,3,3,0,0,1,2,1,1,1,2,0,7,2,0,,,4
158,82,3,3,0,0,1,2,0,1,0,0,0,6,1,0,,,4
132,57,3,2,0,0,1,0,1,0,0,0,0,6,1,0,,,4
167,90,3,3,0,0,2,1,1,1,1,0,0,6,1,0,,,4
165,83,3,2,0,0,1,1,1,1,1,0,0,6,1,0,,,4
168,90,3,3,0,0,2,2,2,2,2,0,0,6,1,0,,,4
168,90,2,2,0,0,2,2,1,2,2,0,0,6,1,0,,,4
168,91,3,3,0,0,1,1,1,2,2,0,0,6,1,0,,,4
169,91,2,2,0,0,2,1,1,1,1,0,0,6,1,0,,,4
169,92,3,3,0,0,2,1,1,1,1,1,0,6,1,0,,,4
166,92,3,3,0,0,1,1,1,1,1,0,0,8,1,0,,,4
164,83,3,3,0,0,1,1,1,2,1,0,0,7,1,0,,,4
167,89,3,2,0,0,1,1,1,1,1,0,0,6,1,0,,,4
159,81,3,2,0,0,1,2,0,1,0,0,0,6,1,0,,,4
167,87,3,2,0,0,1,1,1,1,1,0,0,6,1,0,,,4
171,93,3,3,0,0,2,2,1,1,1,2,0,6,2,0,,,4
167,88,3,2,0,0,1,1,1,2,2,0,0,6,1,0,,,4
165,84,3,2,0,0,1,1,1,1,1,0,0,6,1,0,,,4
172,93,2,2,0,0,1,2,1,1,1,0,0,6,2,0,,,4
160,83,3,3,0,0,1,2,0,1,1,0,0,6,1,0,,,4
162,86,3,3,1,1,1,1,1,1,0,0,0,8,1,0,,,4
167,88,3,2,0,0,1,1,1,1,1,0,0,6,1,0,,,4
167,94,3,2,0,0,1,1,1,1,1,0,0,8,2,0,,,4
172,94,3,2,0,0,1,2,1,1,1,3,0,6,2,0,,,4
165,88,3,3,0,0,1,1,1,1,0,0,0,6,1,0,,,4
167,90,3,3,0,0,2,1,1,2,2,0,0,6,1,0,,,4
168,90,2,2,0,0,2,2,1,2,2,0,0,6,1,0,,,4
155,80,3,3,2,2,0,1,1,1,0,0,0,11,1,1,,,4
148,72,3,3,0,0,1,0,1,0,0,0,0,6,1,0,,,4
168,97,3,2,0,0,1,1,1,1,1,0,0,8,2,0,,,4
167,87,2,2,0,0,1,1,1,1,1,0,0,6,2,0,,,4
161,80,3,3,0,0,0,1,1,2,1,0,0,8,1,1,,,4
167,88,3,2,0,0,1,1,1,1,1,0,0,6,1,0,,,4
163,86,3,3,0,0,1,1,1,2,2,0,0,7,1,0,,,4
138,63,3,3,1,0,0,0,1,0,0,0,0,8,1,0,,,4
165,86,3,3,0,0,1,1,1,1,1,0,0,6,1,0,,,4
170,90,2,2,0,0,1,2,1,2,2,1,0,6,2,0,,,4
172,95,3,3,0,0,1,2,1,1,1,3,0,7,2,0,,,4
167,87,3,2,0,0,1,1,1,1,1,0,0,6,1,0,,,4
168,88,3,3,0,0,1,2,2,2,2,2,0,7,2,1,,,4
164,86,3,3,0,0,1,1,1,2,1,0,0,8,1,0,,,4
165,84,3,2,0,0,1,1,1,1,1,0,0,6,1,0,,,4
157,80,3,3,0,0,1,2,0,1,0,0,0,6,1,0,,,4
163,80,3,3,0,0,1,1,2,3,2,0,0,7,1,0,,,4
160,83,3,3,0,0,1,0,1,0,0,0,0,6,1,0,,,4
160,83,3,3,0,0,1,2,0,1,0,0,0,6,1,0,,,4
167,95,3,2,0,0,1,1,1,1,1,0,0,8,2,0,,,4
157,80,2,2,0,0,1,3,0,1,0,1,0,6,1,0,,,4
167,89,3,2,0,0,1,1,1,2,2,0,0,6,1,0,,,4
168,92,3,3,0,0,1,1,1,2,2,0,0,6,1,0,,,4
167,89,3,2,0,0,1,1,1,2,2,0,0,6,1,0,,,4
168,89,3,2,0,0,1,1,1,1,1,1,0,6,2,0,,,4
158,82,3,3,0,0,1,2,0,1,0,0,0,6,1,0,,,4
167,90,3,3,0,0,2,1,1,1,1,0,0,6,1,0,,,4
173,94,2,2,0,0,2,3,1,2,2,3,0,6,3,0,,,4
167,90,3,3,0,0,2,1,1,2,2,0,0,6,1,0,,,4
157,81,3,3,2,2,0,1,1,1,0,0,0,11,1,0,,,4
160,80,3,3,0,0,0,1,1,2,1,0,0,9,1,1,,,4
167,87,3,2,0,0,1,1,1,1,1,0,0,6,1,0,,,4
160,83,2,2,0,0,1,3,0,1,0,1,0,6,1,0,,,4
167,96,3,3,0,0,1,1,1,1,1,0,0,8,1,0,,,4
160,80,3,3,0,0,0,1,1,2,1,0,0,9,1,1,,,4
167,88,3,2,0,0,1,1,1,1,1,0,0,6,1,0,,,4
165,85,3,3,0,0,1,1,1,1,1,0,0,6,1,0,,,4
158,82,3,3,2,2,0,1,1,1,0,0,0,10,1,0,,,4
167,90,3,3,0,0,2,1,1,2,2,0,0,6,1,0,,,4
171,92,2,2,0,0,2,2,1,1,1,0,0,6,2,0,,,4
172,94,3,3,0,0,2,2,2,2,2,3,0,6,2,0,,,4
168,90,3,3,0,0,1,1,1,2,2,0,0,6,1,0,,,4
168,90,3,3,0,0,2,2,2,2,2,0,0,6,1,0,,,4
157,80,3,3,1,1,0,1,1,1,0,0,0,10,1,1,,,4
166,94,3,3,0,0,1,1,1,1,1,0,0,8,1,0,,,4
148,69,3,3,0,0,1,0,2,1,1,0,0,7,1,0,,,4
167,90,3,3,0,0,2,1,1,1,1,0,0,6,1,0,,,4
168,93,3,3,0,0,1,1,1,2,2,0,0,7,1,0,,,4
169,90,2,2,0,0,2,2,1,2,2,0,0,6,1,0,,,4
159,80,3,3,1,1,0,1,1,2,1,0,0,9,1,1,,,4
167,91,3,3,0,0,1,1,1,1,1,0,0,6,1,0,,,4
156,80,3,3,2,2,0,1,1,1,0,0,0,11,1,1,,,4
161,83,3,2,0,0,1,1,0,1,0,0,0,6,1,0,,,4
164,82,2,2,0,0,1,1,1,2,2,1,0,7,1,0,,,4
172,92,2,2,0,0,2,2,1,2,2,0,0,6,2,0,,,4
172,93,2,2,0,0,1,2,1,1,1,0,0,6,2,0,,,4
169,96,3,2,0,0,1,1,1,1,1,0,0,8,2,0,,,4
144,67,3,2,0,0,1,0,1,0,0,0,0,6,1,0,,,4
171,93,3,3,0,0,2,2,1,1,1,2,0,6,2,0,,,4
162,85,3,3,0,0,1,1,0,1,0,0,0,6,1,0,,,4
171,93,3,3,0,0,2,2,2,2,2,2,0,6,2,0,,,4
166,89,3,3,0,0,1,1,1,2,2,0,0,6,1,0,,,4
169,89,3,3,0,0,1,2,2,2,2,2,0,7,2,1,,,4
164,82,3,3,0,0,1,1,2,2,2,1,0,7,1,1,,,4
155,80,3,3,1,1,0,2,0,1,0,0,0,8,1,1,,,4
167,87,3,2,0,0,1,1,1,1,1,0,0,6,1,0,,,4
148,72,3,3,0,0,1,0,2,1,1,0,0,6,1,0,,,4
155,80,3,3,2,2,0,1,0,1,0,0,0,11,1,1,,,4
151,75,3,3,0,0,1,0,1,0,0,0,0,6,1,0,,,4
162,80,3,3,0,0,1,1,1,2,1,1,0,7,1,1,,,4
169,90,2,2,0,0,2,2,1,2,2,0,0,6,1,0,,,4
172,92,2,2,0,0,2,2,1,1,1,0,0,6,2,0,,,4
172,93,3,3,0,0,1,2,2,2,2,3,0,7,2,1,,,4
167,89,3,3,0,0,1,2,1,2,2,0,0,6,1,0,,,4
167,86,3,3,0,0,1,1,2,2,2,2,0,7,1,1,,,4
168,88,2,2,0,0,1,1,1,1,1,0,0,6,2,0,,,4
167,96,3,3,0,0,1,1,1,1,1,0,0,8,1,0,,,4
161,78,3,3,0,0,1,0,2,2,1,0,0,7,1,0,,,4
160,80,3,3,1,1,0,1,1,2,1,0,0,9,1,1,,,4
170,92,3,3,0,0,2,2,2,2,2,2,0,6,2,0,,,4
167,87,3,2,0,0,1,1,1,1,1,0,0,6,1,0,,,4
144,69,3,3,0,0,1,1,0,0,0,0,0,7,1,0,,,4
167,90,3,3,0,0,2,1,1,1,1,0,0,6,1,0,,,4
156,80,3,3,0,0,1,2,0,1,0,0,0,6,1,0,,,4
161,85,3,3,1,1,1,1,1,1,0,0,0,8,1,0,,,4
155,80,3,3,0,0,0,2,0,1,0,0,0,8,1,1,,,4
159,83,3,3,1,1,0,1,1,1,1,0,0,9,1,0,,,4
155,79,3,3,0,0,1,1,2,2,2,0,0,6,1,0,,,4
162,83,3,2,0,0,1,1,0,1,0,0,0,6,1,0,,,4
173,94,2,2,0,0,2,3,1,2,2,3,0,6,3,0,,,4
167,86,3,3,0,0,1,1,2,2,2,2,0,7,1,1,,,4
161,88,4,3,1,2,0,1,1,1,0,0,0,10,1,0,,,4
169,89,2,2,0,0,1,1,1,1,1,0,0,6,2,0,,,4
171,91,2,2,0,0,2,2,1,2,2,0,0,6,2,0,,,4
163,80,3,2,0,0,1,1,1,2,1,0,0,7,1,0,,,4
165,84,3,2,0,0,1,1,1,1,1,0,0,6,1,0,,,4
170,91,2,2,0,0,2,2,1,2,2,0,0,6,2,0,,,4
155,80,3,3,0,0,0,2,0,1,0,0,0,7,1,1,,,4
156,79,3,3,0,0,1,1,2,2,2,0,0,6,1,0,,,4
162,86,3,3,0,0,1,1,0,1,0,0,0,6,1,0,,,4
167,91,3,3,0,0,1,1,1,1,1,0,0,6,1,0,,,4
146,70,3,3,0,0,1,0,1,0,0,0,0,6,1,0,,,4
159,82,3,2,1,1,0,1,1,1,0,0,0,9,1,0,,,4
161,78,3,3,0,0,1,0,2,2,1,0,0,7,1,0,,,4
161,84,3,3,0,0,1,2,0,1,1,0,0,6,1,0,,,4
157,80,3,3,0,0,1,2,0,1,0,1,0,7,1,1,,,4
171,91,2,2,0,0,2,2,1,2,2,0,0,6,2,0,,,4
151,77,3,3,2,2,0,0,1,0,0,0,0,11,1,0,,,4
162,80,3,3,0,0,1,1,1,2,1,1,0,7,1,1,,,4
167,87,3,2,0,0,1,1,1,1,1,0,0,6,1,0,,,4
168,90,3,3,0,0,1,1,1,2,2,0,0,6,1,0,,,4
156,81,3,3,2,2,0,1,1,1,0,0,0,11,1,0,,,4
172,92,2,2,0,0,2,2,1,2,2,0,0,6,2,0,,,4
158,83,3,3,2,2,0,1,1,1,0,0,0,10,1,0,,,4
165,84,3,3,0,0,1,1,2,3,2,0,0,7,1,0,,,4
167,90,3,3,0,0,2,1,1,1,1,0,0,6,1,0,,,4
165,85,3,3,0,0,1,1,2,3,2,0,0,6,1,0,,,4
168,97,3,3,0,0,1,1,1,1,1,0,0,8,1,0,,,4
159,80,3,3,1,1,0,1,1,2,1,0,0,9,1,1,,,4
167,87,3,2,0,0,1,1,1,1,1,0,0,6,2,0,,,4
170,96,3,3,0,0,1,2,1,1,1,2,0,7,2,0,,,4
168,88,3,2,0,0,1,1,1,1,1,0,0,6,2,0,,,4
167,87,3,2,0,0,1,1,1,1,1,0,0,6,2,0,,,4
155,80,3,3,2,2,0,1,0,1,0,0,0,11,1,1,,,4
165,89,3,3,0,0,1,1,1,1,1,0,0,8,1,0,,,4
164,87,3,3,0,0,1,1,0,1,0,0,0,6,1,0,,,4
164,83,3,3,0,0,1,1,1,2,1,0,0,7,1,0,,,4
171,91,2,2,0,0,1,2,1,1,1,0,0,6,2,0,,,4
